prof_id,institution,position,start_year,end_year,source_url,source_snippet
harvard_chetty_raj,Harvard University,William A. Ackman Professor of Economics,2018,,https://rajchetty.com/CV.pdf,"7/18 – William A. Ackman Professor of Economics, Harvard University"
harvard_chetty_raj,Harvard University,"Faculty Affiliate, Department of Sociology",2019,,https://rajchetty.com/CV.pdf,"1/19 – Faculty Affiliate, Department of Sociology, Harvard University"
harvard_chetty_raj,Stanford University,"Professor, Department of Economics",2015,2018,https://rajchetty.com/CV.pdf,"7/15 – 6/18 Professor, Department of Economics, Stanford University"
harvard_chetty_raj,Stanford University,"Professor, Department of Sociology (by courtesy)",2017,2018,https://rajchetty.com/CV.pdf,"7/17 – 6/18 Professor, Department of Sociology, Stanford University (by courtesy)"
harvard_chetty_raj,Harvard University,William Henry Bloomberg Professor of Economics,2013,2015,https://rajchetty.com/CV.pdf,"7/13 – 6/15 William Henry Bloomberg Professor of Economics, Harvard University"
harvard_chetty_raj,Harvard University,"Faculty Affiliate, Department of Statistics",2013,2015,https://rajchetty.com/CV.pdf,"1/13 – 6/15 Faculty Affiliate, Department of Statistics, Harvard University"
harvard_chetty_raj,Harvard University,"Professor, Department of Economics",2009,2013,https://rajchetty.com/CV.pdf,"4/09 – 7/13 Professor, Department of Economics, Harvard University"
harvard_chetty_raj,"University of California, Berkeley","Professor, Department of Economics",2008,2009,https://rajchetty.com/CV.pdf,"7/08 – 3/09 Professor, Department of Economics, Univ. of California - Berkeley"
harvard_chetty_raj,Stanford University,"National Fellow, Hoover Institution",2007,2008,https://rajchetty.com/CV.pdf,"9/07 – 7/08 National Fellow, Hoover Institution, Stanford University"
harvard_chetty_raj,"University of California, Berkeley","Associate Professor with tenure, Department of Economics",2007,2008,https://rajchetty.com/CV.pdf,"7/07 – 6/08 Associate Professor with tenure, Dept. of Economics, Univ. of California - Berkeley"
harvard_chetty_raj,"University of California, Berkeley","Assistant Professor, Department of Economics",2003,2007,https://rajchetty.com/CV.pdf,"7/03 – 6/07 Assistant Professor, Dept. of Economics, Univ. of California - Berkeley"
harvard_dell_melissa,Harvard University,Andrew E. Furer Professor of Economics,2020,,https://dell.scholars.harvard.edu/sites/g/files/omnuum7696/files/dell_cv_sept2024_1.pdf,"2020 – present: Andrew E. Furer Professor of Economics, Harvard University"
harvard_dell_melissa,Harvard University,"Professor, Department of Economics",2018,2020,https://dell.scholars.harvard.edu/sites/g/files/omnuum7696/files/dell_cv_sept2024_1.pdf,"2018 – 2020: Professor, Harvard University, Department of Economics"
harvard_dell_melissa,Harvard University,"Assistant Professor, Department of Economics",2014,2018,https://dell.scholars.harvard.edu/sites/g/files/omnuum7696/files/dell_cv_sept2024_1.pdf,"2014 – 2018: Assistant Professor, Harvard University, Department of Economics"
harvard_dell_melissa,Stanford Institute for Economic Policy Research,Visiting Assistant Professor,2016,2017,https://dell.scholars.harvard.edu/sites/g/files/omnuum7696/files/dell_cv_sept2024_1.pdf,"2016 – 2017: Visiting Assistant Professor, Stanford Institute for Economic Policy Research"
harvard_dell_melissa,Harvard Society of Fellows,Junior Fellow,2012,2014,https://dell.scholars.harvard.edu/sites/g/files/omnuum7696/files/dell_cv_sept2024_1.pdf,"2012 – 2014: Junior Fellow, Harvard Society of Fellows"
harvard_campbell_john_y,Harvard University,Morton L. and Carole S. Olshan Professor of Economics,2005,,https://campbell.scholars.harvard.edu/sites/g/files/omnuum5881/files/2026-01/campcv-2.pdf,"Morton L. and Carole S. Olshan Professor of Economics, Harvard University, 2005-present."
harvard_campbell_john_y,Harvard University,Harvard College Professor,2006,2011,https://campbell.scholars.harvard.edu/sites/g/files/omnuum5881/files/2026-01/campcv-2.pdf,"Harvard College Professor, Harvard University, 2006-11."
harvard_campbell_john_y,Harvard University,Otto Eckstein Professor of Applied Economics,1994,2005,https://campbell.scholars.harvard.edu/sites/g/files/omnuum5881/files/2026-01/campcv-2.pdf,"Otto Eckstein Professor of Applied Economics, Harvard University, 1994-2005."
harvard_campbell_john_y,Princeton University,Class of 1926 Professor of Economics and Public Affairs,1989,1994,https://campbell.scholars.harvard.edu/sites/g/files/omnuum5881/files/2026-01/campcv-2.pdf,"Class of 1926 Professor of Economics and Public Affairs, Princeton University, 1989-94."
harvard_campbell_john_y,Princeton University,Assistant Professor of Economics and Public Affairs,1984,1989,https://campbell.scholars.harvard.edu/sites/g/files/omnuum5881/files/2026-01/campcv-2.pdf,"Assistant Professor of Economics and Public Affairs, Princeton University, 1984-89."
harvard_itskhoki_oleg,Harvard University,"Professor, Department of Economics",2024,,https://itskhoki.com/files/cv.pdf,"Harvard University, Department of Economics, Professor, 2024-"
harvard_itskhoki_oleg,"University of California, Los Angeles","Professor and Venu and Ana Kotamraju Endowed Chair in Economics, Department of Economics",2019,2024,https://itskhoki.com/files/cv.pdf,"University of California, Los Angeles, Department of Economics, 2019-2024. Professor and Venu and Ana Kotamraju Endowed Chair in Economics"
harvard_itskhoki_oleg,Princeton University,Professor of Economics and International Affairs,2017,2019,https://itskhoki.com/files/cv.pdf,"Princeton University, Department of Economics and Woodrow Wilson School, 2009-2019. Professor of Economics and International Affairs, 2017-2019"
harvard_itskhoki_oleg,Princeton University,Associate Professor of Economics and International Affairs (with tenure),2015,2017,https://itskhoki.com/files/cv.pdf,"Associate Professor of Economics and International Affairs (with tenure), 2015-2017"
harvard_itskhoki_oleg,Princeton University,Richard Allen Lester University Preceptor,2013,2016,https://itskhoki.com/files/cv.pdf,"Richard Allen Lester University Preceptor, 2013-2016"
harvard_itskhoki_oleg,Princeton University,Assistant Professor of Economics and International Affairs,2010,2015,https://itskhoki.com/files/cv.pdf,"Assistant Professor of Economics and International Affairs, 2010-2015"
harvard_itskhoki_oleg,Princeton University,"Associate Research Scholar, International Economics Section",2009,2010,https://itskhoki.com/files/cv.pdf,"Associate Research Scholar, International Economics Section, 2009-2010"
harvard_itskhoki_oleg,National Bureau of Economic Research (NBER),Research Associate,2010,,https://itskhoki.com/files/cv.pdf,"National Bureau of Economics Research (NBER), Research Associate, 2010-"
harvard_itskhoki_oleg,Center for Economic Policy Research (CEPR),Research Affiliate,2010,,https://itskhoki.com/files/cv.pdf,"Center for Economic Policy Research (CEPR), Research Affiliate, 2010-"
harvard_itskhoki_oleg,American Economic Review,Associate Editor,2019,2025,https://itskhoki.com/files/cv.pdf,"American Economic Review, Associate Editor, 2019-2025"
harvard_itskhoki_oleg,Stanford University,"Trione Visiting Professor, Department of Economics/SIEPR",2017,2018,https://itskhoki.com/files/cv.pdf,"Stanford University, Department of Economics/SIEPR, Trione Visiting Professor, 2017-2018"
harvard_itskhoki_oleg,University of Chicago,"Visiting Professor, Department of Economics/BFI",2012,2013,https://itskhoki.com/files/cv.pdf,"University of Chicago, Department of Economics/BFI, Visiting Professor, 2012-2013"
harvard_antras_pol,Harvard University,Robert G. Ory Professor of Economics,2015,,https://antras.scholars.harvard.edu/sites/g/files/omnuum5876/files/2025-12/CV_Antras_November_2025%283%29.pdf,"2015-present: Robert G. Ory Professor of Economics, Harvard University"
harvard_antras_pol,Harvard University,Professor of Economics,2007,2014,https://antras.scholars.harvard.edu/sites/g/files/omnuum5876/files/2025-12/CV_Antras_November_2025%283%29.pdf,"2007-2014: Professor of Economics, Department of Economics, Harvard University"
harvard_antras_pol,Harvard University,Assistant Professor of Economics,2003,2007,https://antras.scholars.harvard.edu/sites/g/files/omnuum5876/files/2025-12/CV_Antras_November_2025%283%29.pdf,"2003-2007: Assistant Professor of Economics, Department of Economics, Harvard University"
harvard_antras_pol,NBER,Research Associate,2008,,https://antras.scholars.harvard.edu/sites/g/files/omnuum5876/files/2025-12/CV_Antras_November_2025%283%29.pdf,"2008-present: Research Associate, National Bureau of Economic Research (NBER)"
harvard_antras_pol,CEPR,Research Fellow,2009,,https://antras.scholars.harvard.edu/sites/g/files/omnuum5876/files/2025-12/CV_Antras_November_2025%283%29.pdf,"2009-present: Research Fellow, Centre for Economic Policy Research (CEPR)"
harvard_antras_pol,NBER,"Director, International Trade and Organization Working Group",2007,2009,https://antras.scholars.harvard.edu/sites/g/files/omnuum5876/files/2025-12/CV_Antras_November_2025%283%29.pdf,"2007-2009: Director, NBER International Trade and Organization Working Group"
harvard_antras_pol,World Bank,"Co-Director, 2020 World Development Report",2018,2019,https://antras.scholars.harvard.edu/sites/g/files/omnuum5876/files/2025-12/CV_Antras_November_2025%283%29.pdf,"2018-2019: Co-Director, 2020 World Development Report, World Bank"
harvard_antras_pol,Harvard Kennedy School,"Visiting Faculty, Mossavar-Rahmani Center",2018,2018,https://antras.scholars.harvard.edu/sites/g/files/omnuum5876/files/2025-12/CV_Antras_November_2025%283%29.pdf,"2018: Visiting Faculty, Mossavar-Rahmani Center, Harvard Kennedy School"
harvard_antras_pol,Massachusetts Institute of Technology,Visiting Professor,2014,2015,https://antras.scholars.harvard.edu/sites/g/files/omnuum5876/files/2025-12/CV_Antras_November_2025%283%29.pdf,"2014-2015: Visiting Professor, Massachusetts Institute of Technology"
harvard_antras_pol,London School of Economics,Guest Teacher,2011,2011,https://antras.scholars.harvard.edu/sites/g/files/omnuum5876/files/2025-12/CV_Antras_November_2025%283%29.pdf,"2011: Guest Teacher, London School of Economics"
harvard_antras_pol,Massachusetts Institute of Technology,Visiting Assistant Professor of Economics,2006,2007,https://antras.scholars.harvard.edu/sites/g/files/omnuum5876/files/2025-12/CV_Antras_November_2025%283%29.pdf,"2006-2007: Visiting Assistant Professor of Economics, Massachusetts Institute of Technology"
harvard_antras_pol,Princeton University,"Visiting Student, International Economics Section",2002,2002,https://antras.scholars.harvard.edu/sites/g/files/omnuum5876/files/2025-12/CV_Antras_November_2025%283%29.pdf,"2002: Visiting Student, International Economics Section, Princeton University"
harvard_antras_pol,Massachusetts Institute of Technology,Research Assistant,1999,2002,https://antras.scholars.harvard.edu/sites/g/files/omnuum5876/files/2025-12/CV_Antras_November_2025%283%29.pdf,"1999-2002: Research Assistant, Massachusetts Institute of Technology"
harvard_antras_pol,Universitat Pompeu Fabra,Research and Teaching Assistant,1998,1999,https://antras.scholars.harvard.edu/sites/g/files/omnuum5876/files/2025-12/CV_Antras_November_2025%283%29.pdf,"1998-1999: Research and Teaching Assistant, Universitat Pompeu Fabra"
harvard_barro_robert,Harvard University,Paul M. Warburg Professor of Economics,2004,,https://barro.scholars.harvard.edu/sites/g/files/omnuum5936/files/barro/files/vita_073022.pdf,"Paul M. Warburg Professor of Economics, Harvard University, 2004-"
harvard_barro_robert,Harvard University,Robert C. Waggoner Professor,1995,2004,https://barro.scholars.harvard.edu/sites/g/files/omnuum5936/files/barro/files/vita_073022.pdf,"Robert C. Waggoner Professor, 1995-2004"
harvard_barro_robert,Harvard University,Professor,1987,1995,https://barro.scholars.harvard.edu/sites/g/files/omnuum5936/files/barro/files/vita_073022.pdf,"Professor, 1987-95"
harvard_barro_robert,Harvard University,Visiting Professor,1986,1986,https://barro.scholars.harvard.edu/sites/g/files/omnuum5936/files/barro/files/vita_073022.pdf,"Visiting Professor, 1986"
harvard_barro_robert,NBER,Research Associate,1978,,https://barro.scholars.harvard.edu/sites/g/files/omnuum5936/files/barro/files/vita_073022.pdf,"Research Associate, National Bureau of Economic Research, 1978-"
harvard_barro_robert,American Enterprise Institute,Makin Visiting Scholar,2016,2017,https://barro.scholars.harvard.edu/sites/g/files/omnuum5936/files/barro/files/vita_073022.pdf,"Makin Visiting Scholar, American Enterprise Institute, 2016-2017"
harvard_barro_robert,American Enterprise Institute,Visiting Scholar,2010,,https://barro.scholars.harvard.edu/sites/g/files/omnuum5936/files/barro/files/vita_073022.pdf,"Visiting Scholar, American Enterprise Institute, 2010-"
harvard_barro_robert,CESifo Research Network,Fellow,2019,,https://barro.scholars.harvard.edu/sites/g/files/omnuum5936/files/barro/files/vita_073022.pdf,"Fellow, CES/ifo Research Network, 2019-"
harvard_barro_robert,"Hoover Institution, Stanford University",Senior Fellow,1995,2017,https://barro.scholars.harvard.edu/sites/g/files/omnuum5936/files/barro/files/vita_073022.pdf,"Senior Fellow, Hoover Institution, Stanford University, 1995-2017"
harvard_barro_robert,Massachusetts Institute of Technology,Visiting Professor,2000,2000,https://barro.scholars.harvard.edu/sites/g/files/omnuum5936/files/barro/files/vita_073022.pdf,"Visiting Professor, MIT, fall 2000"
harvard_barro_robert,University of Rochester,Distinguished Professor of Arts and Sciences,1984,1987,https://barro.scholars.harvard.edu/sites/g/files/omnuum5936/files/barro/files/vita_073022.pdf,"Distinguished Professor of Arts and Sciences, University of Rochester, 1984-87"
harvard_barro_robert,University of Rochester,John Munro Professor of Economics,1978,1982,https://barro.scholars.harvard.edu/sites/g/files/omnuum5936/files/barro/files/vita_073022.pdf,"John Munro Professor of Economics, 1978-1982"
harvard_barro_robert,University of Rochester,Professor,1975,1978,https://barro.scholars.harvard.edu/sites/g/files/omnuum5936/files/barro/files/vita_073022.pdf,"Professor, 1975-78"
harvard_barro_robert,UCLA,Visiting Professor,1986,1986,https://barro.scholars.harvard.edu/sites/g/files/omnuum5936/files/barro/files/vita_073022.pdf,"Visiting Professor, UCLA, 1986"
harvard_barro_robert,University of Chicago,Professor of Economics,1982,1984,https://barro.scholars.harvard.edu/sites/g/files/omnuum5936/files/barro/files/vita_073022.pdf,"Professor of Economics, University of Chicago, 1982-84"
harvard_barro_robert,University of Chicago,Associate Professor,1973,1975,https://barro.scholars.harvard.edu/sites/g/files/omnuum5936/files/barro/files/vita_073022.pdf,"Associate Professor, 1973-75"
harvard_barro_robert,Brown University,Associate Professor,1972,1973,https://barro.scholars.harvard.edu/sites/g/files/omnuum5936/files/barro/files/vita_073022.pdf,"Associate Professor of Economics, Brown University, 1972-73"
harvard_barro_robert,Brown University,Assistant Professor,1968,1972,https://barro.scholars.harvard.edu/sites/g/files/omnuum5936/files/barro/files/vita_073022.pdf,"Assistant Professor, 1968-72"
harvard_bergeron_augustin,Harvard University,Assistant Professor,2024,,https://www.dropbox.com/scl/fi/hwnhgsgcx9b1pj7gyhunn/Bergeron_CV.pdf?rlkey=s45r4mbnjw0z31qqqpkk1kwui&dl=1,"Harvard University, 2024- Assistant Professor, Department of Economics"
harvard_bergeron_augustin,University of Southern California,Assistant Professor,2022,2024,https://www.dropbox.com/scl/fi/hwnhgsgcx9b1pj7gyhunn/Bergeron_CV.pdf?rlkey=s45r4mbnjw0z31qqqpkk1kwui&dl=1,"University of Southern California, 2022-2024 Assistant Professor"
harvard_bergeron_augustin,Stanford University,"Postdoctoral Fellow, Stanford King Center on Global Development",2021,2022,https://www.dropbox.com/scl/fi/hwnhgsgcx9b1pj7gyhunn/Bergeron_CV.pdf?rlkey=s45r4mbnjw0z31qqqpkk1kwui&dl=1,"Stanford University, 2021-2022 Postdoctoral Fellow, Stanford King Center on Global Development"
harvard_breza_emily,Harvard University,Frederic E. Abbe Professor,2023,,https://drive.google.com/uc?id=11yxqkygEEMws44-5QfxWg1OzPCkmvQ8z&export=download,"Frederic E. Abbe Professor, July 2023 – present."
harvard_breza_emily,Harvard University,Professor,2022,2023,https://drive.google.com/uc?id=11yxqkygEEMws44-5QfxWg1OzPCkmvQ8z&export=download,"Professor, January 2022 – June 2023"
harvard_breza_emily,Harvard University,Associate Professor,2021,2021,https://drive.google.com/uc?id=11yxqkygEEMws44-5QfxWg1OzPCkmvQ8z&export=download,"Associate Professor, July 2021 – December 2021"
harvard_breza_emily,Harvard University,Assistant Professor,2017,2021,https://drive.google.com/uc?id=11yxqkygEEMws44-5QfxWg1OzPCkmvQ8z&export=download,"Assistant Professor, January 2017 – June 2021"
harvard_breza_emily,Columbia Business School,Associate Professor,2016,2016,https://drive.google.com/uc?id=11yxqkygEEMws44-5QfxWg1OzPCkmvQ8z&export=download,"Columbia Business School, Division of Finance and Economics Associate Professor, July 2016-December 2016"
harvard_breza_emily,Columbia Business School,Assistant Professor,2012,2016,https://drive.google.com/uc?id=11yxqkygEEMws44-5QfxWg1OzPCkmvQ8z&export=download,"Assistant Professor, July 2012-June 2016"
harvard_chodorow_reich_gabriel,Harvard University,Professor of Economics,2022,,https://chodorowreich.scholars.harvard.edu/sites/g/files/omnuum7686/files/chodorow-reich/files/cv.pdf,Harvard University Professor of Economics 2022-
harvard_chodorow_reich_gabriel,Harvard University,Associate Professor of Economics,2019,2022,https://chodorowreich.scholars.harvard.edu/sites/g/files/omnuum7686/files/chodorow-reich/files/cv.pdf,Associate Professor of Economics 2019-2022
harvard_chodorow_reich_gabriel,Harvard University,Assistant Professor of Economics,2014,2019,https://chodorowreich.scholars.harvard.edu/sites/g/files/omnuum7686/files/chodorow-reich/files/cv.pdf,Assistant Professor of Economics 2014-2019
harvard_chodorow_reich_gabriel,Harvard University,Associate of the Department of Economics,2013,2014,https://chodorowreich.scholars.harvard.edu/sites/g/files/omnuum7686/files/chodorow-reich/files/cv.pdf,Associate of the Department of Economics 2013-2014
harvard_chodorow_reich_gabriel,NBER,"Faculty Associate (EFG, ME)",2022,,https://chodorowreich.scholars.harvard.edu/sites/g/files/omnuum7686/files/chodorow-reich/files/cv.pdf,"Faculty Associate (EFG, ME) 2022-present"
harvard_chodorow_reich_gabriel,NBER,"Faculty Research Fellow (EFG, ME)",2014,2022,https://chodorowreich.scholars.harvard.edu/sites/g/files/omnuum7686/files/chodorow-reich/files/cv.pdf,"Faculty Research Fellow (EFG, ME) 2014-2022"
harvard_chodorow_reich_gabriel,Federal Reserve Bank of Boston,Visiting Scholar,2018,,https://chodorowreich.scholars.harvard.edu/sites/g/files/omnuum7686/files/chodorow-reich/files/cv.pdf,"Federal Reserve Bank of Boston Visiting Scholar 2018-2020, 2023-"
harvard_chodorow_reich_gabriel,Massachusetts Institute of Technology,Hal Varian Visiting Professor of Economics,2017,2018,https://chodorowreich.scholars.harvard.edu/sites/g/files/omnuum7686/files/chodorow-reich/files/cv.pdf,Hal Varian Visiting Professor of Economics 2017-2018
harvard_chodorow_reich_gabriel,Princeton University,Julis-Rabinowitz Associate Research Scholar,2013,2014,https://chodorowreich.scholars.harvard.edu/sites/g/files/omnuum7686/files/chodorow-reich/files/cv.pdf,"Julis-Rabinowitz Associate Research Scholar, Woodrow Wilson School 2013-2014"
harvard_chodorow_reich_gabriel,Council of Economic Advisers,Economist,2010,2010,https://chodorowreich.scholars.harvard.edu/sites/g/files/omnuum7686/files/chodorow-reich/files/cv.pdf,"Council of Economic Advisers, Executive Office of the President, Washington, DC Economist 2010"
harvard_chodorow_reich_gabriel,Council of Economic Advisers,Staff Economist,2009,2010,https://chodorowreich.scholars.harvard.edu/sites/g/files/omnuum7686/files/chodorow-reich/files/cv.pdf,Staff Economist 2009-10
harvard_cutler_david_m,Harvard University,Otto Eckstein Professor of Applied Economics,2005,,https://cutler.scholars.harvard.edu/sites/g/files/omnuum5891/files/2025-07/2025%2007%2001%20Cutler%20CV.pdf,"2005-: Otto Eckstein Professor of Applied Economics, Department of Economics and Kennedy School of Government, Harvard University"
harvard_cutler_david_m,Harvard University,Harvard College Professor,2014,2019,https://cutler.scholars.harvard.edu/sites/g/files/omnuum5891/files/2025-07/2025%2007%2001%20Cutler%20CV.pdf,"2014-2019: Harvard College Professor, Harvard University"
harvard_cutler_david_m,Harvard University,"Social Sciences Dean, Faculty of Arts and Sciences",2025,,https://cutler.scholars.harvard.edu/sites/g/files/omnuum5891/files/2025-07/2025%2007%2001%20Cutler%20CV.pdf,"2025-: Social Sciences Dean, Faculty of Arts and Sciences, Harvard University"
harvard_cutler_david_m,Harvard University,"Social Sciences Dean, Faculty of Arts and Sciences",2003,2008,https://cutler.scholars.harvard.edu/sites/g/files/omnuum5891/files/2025-07/2025%2007%2001%20Cutler%20CV.pdf,"2003-2008: Social Sciences Dean, Faculty of Arts and Sciences, Harvard University"
harvard_cutler_david_m,Harvard University,Professor of Economics,1997,2005,https://cutler.scholars.harvard.edu/sites/g/files/omnuum5891/files/2025-07/2025%2007%2001%20Cutler%20CV.pdf,"1997-2005: Professor of Economics, Department of Economics and Kennedy School of Government"
harvard_cutler_david_m,Harvard University,John L. Loeb Associate Professor of Social Sciences,1995,1997,https://cutler.scholars.harvard.edu/sites/g/files/omnuum5891/files/2025-07/2025%2007%2001%20Cutler%20CV.pdf,"1995-1997: John L. Loeb Associate Professor of Social Sciences, Harvard University"
harvard_cutler_david_m,Council of Economic Advisers,"Senior Staff Economist; Director, National Economic Council",1993,1993,https://cutler.scholars.harvard.edu/sites/g/files/omnuum5891/files/2025-07/2025%2007%2001%20Cutler%20CV.pdf,"1993: On leave as Senior Staff Economist, Council of Economic Advisers and Director, National Economic Council"
harvard_cutler_david_m,Harvard University,Assistant Professor of Economics,1991,1995,https://cutler.scholars.harvard.edu/sites/g/files/omnuum5891/files/2025-07/2025%2007%2001%20Cutler%20CV.pdf,"1991-1995: Assistant Professor of Economics, Harvard University"
harvard_deming_david,Harvard University,William Henry Bloomberg Professor of Economics,2025,,https://www.daviddeming.com/s/DemingCV_April2026.pdf,2025– William Henry Bloomberg Professor of Economics
harvard_deming_david,Harvard Kennedy School,Isabelle and Scott Black Professor of Public Policy and Economics,2021,,https://www.daviddeming.com/s/DemingCV_April2026.pdf,"2021– Isabelle and Scott Black Professor of Public Policy and Economics, Harvard Kennedy School"
harvard_deming_david,Harvard Graduate School of Education,Professor,2016,,https://www.daviddeming.com/s/DemingCV_April2026.pdf,"2016– Professor, Harvard Graduate School of Education"
harvard_deming_david,Massachusetts Institute of Technology,Visiting Professor,2024,2025,https://www.daviddeming.com/s/DemingCV_April2026.pdf,"2024–25 Visiting Professor, MIT Economics Department"
harvard_deming_david,Harvard Kennedy School,Professor of Public Policy,2016,2020,https://www.daviddeming.com/s/DemingCV_April2026.pdf,"2016–20 Professor of Public Policy, Harvard Kennedy School"
harvard_deming_david,Harvard Graduate School of Education,Assistant and Associate Professor,2011,2016,https://www.daviddeming.com/s/DemingCV_April2026.pdf,"2011-16 Assistant and Associate Professor, Harvard Graduate School of Education"
harvard_deming_david,Carnegie Mellon University,Assistant Professor of Public Policy and Economics,2010,2011,https://www.daviddeming.com/s/DemingCV_April2026.pdf,"2010-11 Assistant Professor of Public Policy and Economics, Carnegie Mellon University"
harvard_enke_benjamin,Harvard University,Paul Sack Associate Professor of Economics,2024,,https://benjamin-enke.com/pdf/Enke_cv.pdf,"2024– Paul Sack Associate Professor of Economics, Harvard University"
harvard_enke_benjamin,Harvard University,Associate Professor of Economics,2020,2024,https://benjamin-enke.com/pdf/Enke_cv.pdf,"2020–2024 Associate Professor of Economics, Harvard University"
harvard_enke_benjamin,Harvard University,Assistant Professor of Economics,2016,2020,https://benjamin-enke.com/pdf/Enke_cv.pdf,"2016–2020 Assistant Professor of Economics, Harvard University"
harvard_goldin_claudia,Harvard University,Samuel W. Morris University Professor,,,https://sites.harvard.edu/claudia-goldin/files/2026/02/CGcv2026.pdf,Current Positions: Harvard University: Samuel W. Morris University Professor
harvard_goldin_claudia,Harvard University,Henry Lee Professor of Economics,,,https://sites.harvard.edu/claudia-goldin/files/2026/02/CGcv2026.pdf,Harvard University: Henry Lee Professor of Economics
harvard_goldin_claudia,Harvard University,Lee and Ezpeleta Professorship of Arts and Sciences,2023,2028,https://sites.harvard.edu/claudia-goldin/files/2026/02/CGcv2026.pdf,Lee and Ezpeleta Professorship of Arts and Sciences (2023 to 2028)
harvard_goldin_claudia,NBER,"Director, Development of the American Economy Program",1989,2017,https://sites.harvard.edu/claudia-goldin/files/2026/02/CGcv2026.pdf,"1989-2017 Director, Development of the American Economy Program, NBER"
harvard_goldin_claudia,American Economic Association,President,2013,2014,https://sites.harvard.edu/claudia-goldin/files/2026/02/CGcv2026.pdf,"2013-2014 President, American Economic Association"
harvard_goldin_claudia,Economic History Association,President,1999,2000,https://sites.harvard.edu/claudia-goldin/files/2026/02/CGcv2026.pdf,"1999-2000 President, Economic History Association"
harvard_goldin_claudia,University of Pennsylvania,Professor of Economics,1985,1990,https://sites.harvard.edu/claudia-goldin/files/2026/02/CGcv2026.pdf,"1985-1990 Professor of Economics, University of Pennsylvania"
harvard_goldin_claudia,University of Pennsylvania,Associate Professor of Economics,1979,1985,https://sites.harvard.edu/claudia-goldin/files/2026/02/CGcv2026.pdf,"1979-1985 Associate Professor of Economics, University of Pennsylvania"
harvard_goldin_claudia,Princeton University,Assistant Professor of Economics,1973,1979,https://sites.harvard.edu/claudia-goldin/files/2026/02/CGcv2026.pdf,"1973-1979 Assistant Professor of Economics, Princeton University"
harvard_goldin_claudia,"University of Wisconsin, Madison",Assistant Professor of Economics,1971,1973,https://sites.harvard.edu/claudia-goldin/files/2026/02/CGcv2026.pdf,"1971-1973 Assistant Professor of Economics, University of Wisconsin, Madison"
harvard_gonczarowski_yannai_a,Harvard University,Assistant Professor of Economics and of Computer Science,,,http://yannai.gonch.name/scientific/,I am an Assistant Professor of Economics and of Computer Science at Harvard
harvard_gonczarowski_yannai_a,MIT CSAIL and Sloan,Visiting / On leave,,,http://yannai.gonch.name/scientific/,"Economics and Computer Science, Harvard University (On leave at MIT CSAIL and Sloan this academic year)"
harvard_gonczarowski_yannai_a,Microsoft Research New England,Postdoctoral researcher,,,http://yannai.gonch.name/scientific/,"Before joining Harvard, I was a postdoctoral researcher at Microsoft Research New England"
harvard_gonczarowski_yannai_a,Blavatnik School of Computer Science at Tel Aviv University,Postdoctoral fellow,,,http://yannai.gonch.name/scientific/,...before that briefly also a postdoctoral fellow at the Blavatnik School of Computer Science at Tel Aviv University
harvard_kalouptsidi_myrto,Harvard University,Augustus Cobb Professor of International Economics,2026,,https://drive.google.com/uc?id=199W-3geaROD2igVM6dcBi9gy4g0pjJmB&export=download,"2026- Augusts Cobb Professor of International Economics, Department of Economics, Harvard University"
harvard_kalouptsidi_myrto,Harvard University,Professor,2024,,https://drive.google.com/uc?id=199W-3geaROD2igVM6dcBi9gy4g0pjJmB&export=download,"2024- Professor, Department of Economics, Harvard University"
harvard_kalouptsidi_myrto,Harvard University,Paul Sack Associate Professor of Political Economy,2022,2023,https://drive.google.com/uc?id=199W-3geaROD2igVM6dcBi9gy4g0pjJmB&export=download,"2022-2023 Paul Sack Associate Professor of Political Economy, Harvard University"
harvard_kalouptsidi_myrto,Harvard University,Assistant Professor,2016,2022,https://drive.google.com/uc?id=199W-3geaROD2igVM6dcBi9gy4g0pjJmB&export=download,"2016-2022 Assistant Professor, Department of Economics, Harvard University"
harvard_kalouptsidi_myrto,Princeton University,Robert K. Root Preceptor,2015,2016,https://drive.google.com/uc?id=199W-3geaROD2igVM6dcBi9gy4g0pjJmB&export=download,"2015-2016 Robert K. Root Preceptor, Department of Economics, Princeton University"
harvard_kalouptsidi_myrto,Princeton University,Assistant Professor,2012,2016,https://drive.google.com/uc?id=199W-3geaROD2igVM6dcBi9gy4g0pjJmB&export=download,"2012-2016 Assistant Professor, Department of Economics, Princeton University"
harvard_kalouptsidi_myrto,Princeton University,Associate Research Scholar,2011,2012,https://drive.google.com/uc?id=199W-3geaROD2igVM6dcBi9gy4g0pjJmB&export=download,"2011-2012 Associate Research Scholar, Department of Economics, Princeton University"
harvard_kreindler_gabriel,Harvard University,Assistant Professor,2020,,https://drive.google.com/uc?id=1h28AvT3fCUX13IWgwla85RcnlqSUxe_1&export=download,"Economics Department, Harvard University 2020 - present Assistant Professor"
harvard_kreindler_gabriel,Harvard University,"Economics, History and Politics Prize Fellow",2019,2020,https://drive.google.com/uc?id=1h28AvT3fCUX13IWgwla85RcnlqSUxe_1&export=download,"Harvard University 2019 - 2020 Economics, History and Politics Prize Fellow"
harvard_kreindler_gabriel,University of Chicago,Saieh Family Fellow in Economics,2018,2019,https://drive.google.com/uc?id=1h28AvT3fCUX13IWgwla85RcnlqSUxe_1&export=download,"Becker Friedman Institute, University of Chicago 2018 - 2019 Saieh Family Fellow in Economics"
harvard_kreindler_gabriel,Innovations for Poverty Action,Research Associate,2011,2012,https://drive.google.com/uc?id=1h28AvT3fCUX13IWgwla85RcnlqSUxe_1&export=download,Innovations for Poverty Action 2011 - 2012 Research Associate
harvard_lee_robin,Harvard University,Professor of Economics,2019,,https://robinlee.sites.fas.harvard.edu/cv.pdf,"Professor of Economics, 2019 –"
harvard_lee_robin,Harvard University,Associate Professor of Economics,2018,2019,https://robinlee.sites.fas.harvard.edu/cv.pdf,"Associate Professor of Economics, 2018 – 2019"
harvard_lee_robin,Harvard University,Assistant Professor of Economics,2014,2018,https://robinlee.sites.fas.harvard.edu/cv.pdf,"Assistant Professor of Economics, 2014 – 2018"
harvard_lee_robin,New York University Stern School of Business,Assistant Professor of Economics,2009,2014,https://robinlee.sites.fas.harvard.edu/cv.pdf,"New York University Stern School of Business Assistant Professor of Economics, 2009 – 2014"
harvard_li_shengwu,Harvard University,Professor of Economics,,,https://www.shengwu.li/,"Shengwu Li, Professor of Economics, Harvard University"
harvard_tamer_elie,Harvard University,Louis Berkman Professor of Economics,2018,,https://elietamer.github.io/Tamer%20CV/cv-llt.pdf,2018 – Louis Berkman Professor of Economics; Economics Department Chair - from 2024.
harvard_tamer_elie,Harvard University,Professor of Economics,2014,2018,https://elietamer.github.io/Tamer%20CV/cv-llt.pdf,2014 – 2018 Professor of Economics.
harvard_tamer_elie,Northwestern University,Robert E. and Emily King Professor of Business Institutions,2013,2015,https://elietamer.github.io/Tamer%20CV/cv-llt.pdf,"2013 – 2015 Robert E. and Emily King Professor of Business Institutions, Northwestern University."
harvard_tamer_elie,Northwestern University,Professor of Economics,2004,2013,https://elietamer.github.io/Tamer%20CV/cv-llt.pdf,"2004 – 2013 Professor of Economics, Northwestern University"
harvard_tamer_elie,Princeton University,Assistant Professor of Economics,1999,2004,https://elietamer.github.io/Tamer%20CV/cv-llt.pdf,"1999 – 2004 Assistant Professor of Economics, Princeton University."
harvard_viviano_davide,Harvard University,Assistant Professor,2024,,https://dviviano.github.io/cv_v3.pdf,"Assistant Professor, Department of Economics, Harvard University 2024-"
harvard_viviano_davide,Harvard University,Postdoctoral Fellow,2023,2024,https://dviviano.github.io/cv_v3.pdf,"Postdoctoral Fellow, Department of Economics, Harvard University 2023 - 2024"
harvard_viviano_davide,Stanford Graduate School of Business,Postdoctoral Fellow (sponsored by Guido Imbens),2022,2023,https://dviviano.github.io/cv_v3.pdf,"Postdoctoral Fellow, Stanford Graduate School of Business (sponsored by Guido Imbens) 2022 - 2023"
harvard_yang_david,Harvard University,Yvonne P.L. Lui Professor,2024,,http://davidyyang.com/pdfs/Yang_CV.pdf,"2024- Harvard University Yvonne P.L. Lui Professor, Department of Economics"
harvard_yang_david,Harvard University,"Director, Center for History and Economics",2023,,http://davidyyang.com/pdfs/Yang_CV.pdf,"2023- Harvard University Director, Center for History and Economics"
harvard_yang_david,Harvard University,Professor,2023,2024,http://davidyyang.com/pdfs/Yang_CV.pdf,"2023-2024 Harvard University Professor, Department of Economics"
harvard_yang_david,Harvard University,Associate Professor,2022,2022,http://davidyyang.com/pdfs/Yang_CV.pdf,"2022-2022 Harvard University Associate Professor, Department of Economics"
harvard_yang_david,Harvard University,Assistant Professor,2020,2022,http://davidyyang.com/pdfs/Yang_CV.pdf,"2020-2022 Harvard University Assistant Professor, Department of Economics"
harvard_yang_david,Harvard University,"Prize Fellow in Economics, History, and Politics",2018,2020,http://davidyyang.com/pdfs/Yang_CV.pdf,"2018-2020 Prize Fellow in Economics, History, and Politics, Joint Center for History and Economics (Harvard)"
harvard_yang_david,Massachusetts Institute of Technology,"Postdoctoral Fellow, J-PAL",2018,2020,http://davidyyang.com/pdfs/Yang_CV.pdf,"2018-2020 Postdoctoral Fellow, Abdul Latif Jameel Poverty Action Lab (MIT)"
harvard_singh_rahul,Harvard University,Assistant Professor of Economics,,,https://sites.google.com/view/r4hu1/,I am an Assistant Professor at the Harvard Department of Economics
harvard_singh_rahul,Harvard Society of Fellows,Junior Fellow (on leave),,,https://sites.google.com/view/r4hu1/,"I am also a Junior Fellow at the Harvard Society of Fellows, on leave"
mit_abadie_alberto,Massachusetts Institute of Technology,Professor of Economics,2016,,https://economics.mit.edu/sites/default/files/2026-03/CV%20March%2025%202026.pdf,"Massachusetts Institute of Technology, Professor of Economics, 2016-present"
mit_abadie_alberto,Massachusetts Institute of Technology,IDSS Associate Director,2016,2024,https://economics.mit.edu/sites/default/files/2026-03/CV%20March%2025%202026.pdf,"IDSS Associate Director, 2016-2024"
mit_abadie_alberto,Harvard University,Professor of Public Policy,2005,2016,https://economics.mit.edu/sites/default/files/2026-03/CV%20March%2025%202026.pdf,"Harvard University, Professor of Public Policy, 2005-2016"
mit_abadie_alberto,Harvard University,Visiting Professor of Economics,2013,2014,https://economics.mit.edu/sites/default/files/2026-03/CV%20March%2025%202026.pdf,"Visiting Professor of Economics, 2013-2014"
mit_abadie_alberto,Harvard University,Associate Professor of Public Policy,2004,2005,https://economics.mit.edu/sites/default/files/2026-03/CV%20March%2025%202026.pdf,"Associate Professor of Public Policy, 2004-2005"
mit_abadie_alberto,Harvard University,Assistant Professor of Public Policy,1999,2004,https://economics.mit.edu/sites/default/files/2026-03/CV%20March%2025%202026.pdf,"Assistant Professor of Public Policy, 1999-2004"
mit_abadie_alberto,University of Chicago,Visiting Assistant Professor of Economics,2002,2003,https://economics.mit.edu/sites/default/files/2026-03/CV%20March%2025%202026.pdf,"University of Chicago, Visiting Assistant Professor of Economics, 2002-2003"
mit_abadie_alberto,National Bureau of Economic Research,Research Associate (Labor Studies),2009,,https://economics.mit.edu/sites/default/files/2026-03/CV%20March%2025%202026.pdf,"NBER, Research Associate (Labor Studies), 2009-present"
mit_abadie_alberto,National Bureau of Economic Research,Faculty Research Fellow (Labor Studies),2002,2009,https://economics.mit.edu/sites/default/files/2026-03/CV%20March%2025%202026.pdf,"Faculty Research Fellow (Labor Studies), 2002-2009"
mit_acemoglu_daron,London School of Economics,Lecturer in Economics,1992,1993,https://economics.mit.edu/sites/default/files/2025-07/CV%20July%202025_0.pdf,"1992-1993 Lecturer in Economics, London School of Economics"
mit_acemoglu_daron,Massachusetts Institute of Technology,Assistant Professor of Economics,1993,1997,https://economics.mit.edu/sites/default/files/2025-07/CV%20July%202025_0.pdf,"1993-1997 Assistant Professor of Economics, M.I.T."
mit_acemoglu_daron,Massachusetts Institute of Technology,Pentti Kouri Associate Professor of Economics,1997,2000,https://economics.mit.edu/sites/default/files/2025-07/CV%20July%202025_0.pdf,"1997-2000 Pentti Kouri Associate Professor of Economics, M.I.T."
mit_acemoglu_daron,Massachusetts Institute of Technology,Professor of Economics,2000,2004,https://economics.mit.edu/sites/default/files/2025-07/CV%20July%202025_0.pdf,"2000-2004 Professor of Economics, M.I.T."
mit_acemoglu_daron,Massachusetts Institute of Technology,Charles P. Kindleberger Professor of Applied Economics,2004,2010,https://economics.mit.edu/sites/default/files/2025-07/CV%20July%202025_0.pdf,"2004-2010 Charles P. Kindleberger Professor of Applied Economics, M.I.T."
mit_acemoglu_daron,Massachusetts Institute of Technology,Elizabeth and James Killian Professor of Economics,2010,2019,https://economics.mit.edu/sites/default/files/2025-07/CV%20July%202025_0.pdf,"2010-2019 Elizabeth and James Killian Professor of Economics, M.I.T."
mit_acemoglu_daron,Massachusetts Institute of Technology,MIT Institute Professor,2019,,https://economics.mit.edu/sites/default/files/2025-07/CV%20July%202025_0.pdf,2019-present MIT Institute Professor
mit_agarwal_nikhil,Massachusetts Institute of Technology,Paul A. Samuelson Professor of Economics,2025,,https://economics.mit.edu/sites/default/files/2025-12/vita.pdf,"Paul A. Samuelson Professor of Economics, 2025 - Present"
mit_agarwal_nikhil,Massachusetts Institute of Technology,Professor of Economics,2022,2025,https://economics.mit.edu/sites/default/files/2025-12/vita.pdf,"Professor of Economics, 2022 - Present"
mit_agarwal_nikhil,Massachusetts Institute of Technology,Associate Professor of Economics (with tenure),2019,2022,https://economics.mit.edu/sites/default/files/2025-12/vita.pdf,"Associate Professor of Economics (with tenure), 2019 - 2022"
mit_agarwal_nikhil,Massachusetts Institute of Technology,Castle Krob Career Development Assistant Professor of Economics,2016,2019,https://economics.mit.edu/sites/default/files/2025-12/vita.pdf,"Castle Krob Career Development Assistant Professor of Economics, 2016 - 2019"
mit_agarwal_nikhil,Massachusetts Institute of Technology,Assistant Professor of Economics,2014,2016,https://economics.mit.edu/sites/default/files/2025-12/vita.pdf,"Assistant Professor of Economics, 2014 - 2016"
mit_agarwal_nikhil,National Bureau of Economic Research,Research Associate,2019,,https://economics.mit.edu/sites/default/files/2025-12/vita.pdf,"National Bureau of Economic Research, Research Associate, 2019 - Present"
mit_agarwal_nikhil,National Bureau of Economic Research,Faculty Research Fellow,2014,2019,https://economics.mit.edu/sites/default/files/2025-12/vita.pdf,"National Bureau of Economic Research, Faculty Research Fellow, 2014 - 2019"
mit_agarwal_nikhil,Stanford Institute for Economic Policy Research,Visiting Assistant Professor,2016,2017,https://economics.mit.edu/sites/default/files/2025-12/vita.pdf,"Stanford Institute for Economic Policy Research, Visiting Assistant Professor, 2016 - 2017"
mit_agarwal_nikhil,Yale University,Cowles Foundation Postdoctoral Associate,2013,2014,https://economics.mit.edu/sites/default/files/2025-12/vita.pdf,"Yale University, Cowles Foundation, Postdoctoral Associate, 2013 - 2014"
mit_andrews_isaiah,Massachusetts Institute of Technology,Charles E. and Susan T. Harris Professor of Economics,2024,,https://economics.mit.edu/sites/default/files/2024-10/Andrews_Oct2024.pdf,"Charles E. and Susan T. Harris Professor of Economics, MIT 2024-"
mit_andrews_isaiah,Massachusetts Institute of Technology,Professor of Economics,2023,2024,https://economics.mit.edu/sites/default/files/2024-10/Andrews_Oct2024.pdf,"Professor of Economics, MIT 2023-2024"
mit_andrews_isaiah,Harvard University,George Fisher Baker Professor of Economics,2021,2023,https://economics.mit.edu/sites/default/files/2024-10/Andrews_Oct2024.pdf,"George Fisher Baker Professor of Economics, Harvard 2021-2023"
mit_andrews_isaiah,Harvard University,Professor of Economics,2018,2021,https://economics.mit.edu/sites/default/files/2024-10/Andrews_Oct2024.pdf,"Professor of Economics, Harvard 2018-2021"
mit_andrews_isaiah,Massachusetts Institute of Technology,Silverman (1968) Family Career Development Associate Professor,2017,2018,https://economics.mit.edu/sites/default/files/2024-10/Andrews_Oct2024.pdf,"Silverman Family Career Development Associate Professor, MIT 2017-2018"
mit_andrews_isaiah,Massachusetts Institute of Technology,Silverman (1968) Family Career Development Assistant Professor,2016,2017,https://economics.mit.edu/sites/default/files/2024-10/Andrews_Oct2024.pdf,"Silverman Family Career Development Assistant Professor, MIT 2016-2017"
mit_andrews_isaiah,Harvard University,Junior Fellow (Society of Fellows),2014,2017,https://economics.mit.edu/sites/default/files/2024-10/Andrews_Oct2024.pdf,"Junior Fellow, Harvard Society of Fellows 2014-2017"
mit_angrist_josh,Massachusetts Institute of Technology,Ford Professor of Economics,2008,,https://economics.mit.edu/sites/default/files/2025-03/Vita_Mar2025.pdf,"Ford Professor of Economics, MIT, from July 2008."
mit_angrist_josh,Massachusetts Institute of Technology,Professor,1998,2008,https://economics.mit.edu/sites/default/files/2025-03/Vita_Mar2025.pdf,"Professor, MIT Economics Department, July 1998-2008."
mit_angrist_josh,Massachusetts Institute of Technology,"Director, MIT Blueprint Labs",2011,,https://economics.mit.edu/sites/default/files/2025-03/Vita_Mar2025.pdf,"Director, MIT Blueprint Labs, from Fall 2011."
mit_angrist_josh,National Bureau of Economic Research,Research Associate,1994,,https://economics.mit.edu/sites/default/files/2025-03/Vita_Mar2025.pdf,"Research Associate, National Bureau of Economic Research, from 1994."
mit_angrist_josh,Columbia University,Wesley Clair Mitchell Visiting Professor,2018,2018,https://economics.mit.edu/sites/default/files/2025-03/Vita_Mar2025.pdf,"Wesley Clair Mitchell Visiting Professor, Department of Economics, Columbia, Fall 2018."
mit_angrist_josh,Hebrew University,Lady Davis Fellow,2004,2005,https://economics.mit.edu/sites/default/files/2025-03/Vita_Mar2025.pdf,"Lady Davis Fellow, Hebrew University, 2004-05."
mit_angrist_josh,Massachusetts Institute of Technology,Associate Professor,1996,1998,https://economics.mit.edu/sites/default/files/2025-03/Vita_Mar2025.pdf,"Associate Professor, MIT Economics Department, 1996-98."
mit_angrist_josh,Hebrew University,Associate Professor,1995,1996,https://economics.mit.edu/sites/default/files/2025-03/Vita_Mar2025.pdf,"Associate Professor, Hebrew University Economics Department, 1995-96."
mit_angrist_josh,Massachusetts Institute of Technology,Visiting Associate Professor,1994,1995,https://economics.mit.edu/sites/default/files/2025-03/Vita_Mar2025.pdf,"Visiting Associate Professor, MIT Economics Department, 1994-95."
mit_angrist_josh,Hebrew University,Senior Lecturer in Economics,1991,1995,https://economics.mit.edu/sites/default/files/2025-03/Vita_Mar2025.pdf,"Senior Lecturer in Economics, Hebrew University Economics Department, 1991-95."
mit_angrist_josh,Harvard University,Assistant Professor,1989,1991,https://economics.mit.edu/sites/default/files/2025-03/Vita_Mar2025.pdf,"Assistant Professor, Harvard University Economics Department, 1989-91."
mit_angrist_josh,National Bureau of Economic Research,Faculty Research Fellow,1989,1994,https://economics.mit.edu/sites/default/files/2025-03/Vita_Mar2025.pdf,"Faculty Research Fellow, National Bureau of Economic Research, 1989-94."
mit_autor_david_h,Massachusetts Institute of Technology,Daniel (1972) and Gail Rubinfeld Professor in Economics,2024,,https://economics.mit.edu/sites/default/files/2026-01/DautorCV-20260115.pdf,"Daniel (1972) and Gail Rubinfeld Professor in Economics, 2024-"
mit_autor_david_h,Massachusetts Institute of Technology,Ford Professor of Economics,2016,2024,https://economics.mit.edu/sites/default/files/2026-01/DautorCV-20260115.pdf,"Ford Professor of Economics, 2016-24"
mit_autor_david_h,Massachusetts Institute of Technology,Professor,2008,,https://economics.mit.edu/sites/default/files/2026-01/DautorCV-20260115.pdf,"Professor, MIT Department of Economics, 2008-"
mit_autor_david_h,Massachusetts Institute of Technology,Associate Professor with tenure,2005,,https://economics.mit.edu/sites/default/files/2026-01/DautorCV-20260115.pdf,"Associate Professor with tenure, 2005-"
mit_autor_david_h,Massachusetts Institute of Technology,Pentti J.K. Kouri Career Development Associate Professor,2003,2005,https://economics.mit.edu/sites/default/files/2026-01/DautorCV-20260115.pdf,"Pentti J.K. Kouri Career Development Associate Professor, 2003"
mit_autor_david_h,Massachusetts Institute of Technology,Assistant Professor,1999,2002,https://economics.mit.edu/sites/default/files/2026-01/DautorCV-20260115.pdf,"Assistant Professor, MIT Department of Economics, 1999"
mit_autor_david_h,National Bureau of Economic Research,Faculty Research Fellow / Research Associate,1999,,https://economics.mit.edu/sites/default/files/2026-01/DautorCV-20260115.pdf,"National Bureau of Economic Research, Faculty Research Fellow/Associate, 1999-"
mit_caballero_ricardo,Massachusetts Institute of Technology,Ford International Professor of Economics,2000,,https://economics.mit.edu/sites/default/files/2025-08/caballero%20cv%20aug%202025.pdf,"Ford International Professor of Economics, MIT (2000-Present)"
mit_caballero_ricardo,Massachusetts Institute of Technology,"Chairman, MIT Department of Economics",2008,2011,https://economics.mit.edu/sites/default/files/2025-08/caballero%20cv%20aug%202025.pdf,"Chairman, MIT Department of Economics (2008-2011)"
mit_caballero_ricardo,Massachusetts Institute of Technology,Associate Professor of Economics (tenured),1994,1995,https://economics.mit.edu/sites/default/files/2025-08/caballero%20cv%20aug%202025.pdf,"Associate Professor of Economics (tenured), MIT (1994-1995)"
mit_caballero_ricardo,Massachusetts Institute of Technology,Castle-Krob Associate Professor of Economics,1992,1994,https://economics.mit.edu/sites/default/files/2025-08/caballero%20cv%20aug%202025.pdf,"Castle-Krob Associate Professor of Economics, MIT (1992-1994)"
mit_caballero_ricardo,Columbia University,Associate Professor of Economics,1990,1992,https://economics.mit.edu/sites/default/files/2025-08/caballero%20cv%20aug%202025.pdf,"Associate Professor of Economics, Columbia University (1990-1992)"
mit_caballero_ricardo,Columbia University,Assistant Professor of Economics,1988,1990,https://economics.mit.edu/sites/default/files/2025-08/caballero%20cv%20aug%202025.pdf,"Assistant Professor of Economics, Columbia University (1988-1990)"
mit_costinot_arnaud,Massachusetts Institute of Technology,Ford Professor of Economics,2024,,https://economics.mit.edu/sites/default/files/2025-08/CostinotCV_August2025.pdf,"2024-present: Ford Professor of Economics, Department of Economics, MIT"
mit_costinot_arnaud,Massachusetts Institute of Technology,Professor,2015,2024,https://economics.mit.edu/sites/default/files/2025-08/CostinotCV_August2025.pdf,"2015-2024: Professor, Department of Economics, MIT"
mit_costinot_arnaud,Massachusetts Institute of Technology,"Associate Head, Department of Economics",2021,2024,https://economics.mit.edu/sites/default/files/2025-08/CostinotCV_August2025.pdf,"2021-2024: Associate Head, Department of Economics, MIT"
mit_costinot_arnaud,Massachusetts Institute of Technology,Pentti J.K. Kouri Associate Professor,2012,2015,https://economics.mit.edu/sites/default/files/2025-08/CostinotCV_August2025.pdf,"2012-2015: Pentti J.K. Kouri Associate Professor, MIT"
mit_costinot_arnaud,Massachusetts Institute of Technology,Pentti J.K. Kouri Assistant Professor,2010,2012,https://economics.mit.edu/sites/default/files/2025-08/CostinotCV_August2025.pdf,"2010-2012: Pentti J.K. Kouri Assistant Professor, MIT"
mit_costinot_arnaud,Massachusetts Institute of Technology,Assistant Professor,2008,2010,https://economics.mit.edu/sites/default/files/2025-08/CostinotCV_August2025.pdf,"2008-2010: Assistant Professor, Department of Economics, MIT"
mit_costinot_arnaud,UC San Diego,Assistant Professor,2005,2008,https://economics.mit.edu/sites/default/files/2025-08/CostinotCV_August2025.pdf,"2005-2008: Assistant Professor, Department of Economics, UCSD"
mit_duflo_esther,Massachusetts Institute of Technology,Abdul Latif Jameel Professor of Poverty Alleviation and Development Economics,,,https://economics.mit.edu/sites/default/files/2026-02/ESTHER%20DUFLO%20CV_current_0.pdf,"Abdul Latif Jameel Professor of Poverty Alleviation and Development Economics, MIT"
mit_ellison_glenn,Massachusetts Institute of Technology,Gregory K. Palm Professor of Economics,2007,,https://economics.mit.edu/sites/default/files/2024-07/cvita624.pdf,"Gregory K. Palm Professor of Economics, 2007-present"
mit_ellison_glenn,Massachusetts Institute of Technology,Economics Department Head,2016,2017,https://economics.mit.edu/sites/default/files/2024-07/cvita624.pdf,"Economics Department Head, 2016-2017"
mit_ellison_glenn,Massachusetts Institute of Technology,Economics Department Head,2020,2023,https://economics.mit.edu/sites/default/files/2024-07/cvita624.pdf,"Economics Department Head, 2020-2023"
mit_ellison_glenn,Massachusetts Institute of Technology,Professor,1997,2007,https://economics.mit.edu/sites/default/files/2024-07/cvita624.pdf,Professor 1997-2007
mit_ellison_glenn,Massachusetts Institute of Technology,Ford Career Development Associate Professor,1994,1997,https://economics.mit.edu/sites/default/files/2024-07/cvita624.pdf,"Ford Career Development Associate Professor, 1994-1997"
mit_ellison_glenn,Harvard University,Assistant Professor of Economics,1992,1994,https://economics.mit.edu/sites/default/files/2024-07/cvita624.pdf,"Harvard University, Assistant Professor of Economics, 1992 - 1994"
mit_finkelstein_amy,Massachusetts Institute of Technology,John & Jennie S. MacDonald Professor of Economics,2016,,https://economics.mit.edu/sites/default/files/2026-01/cvdec2025.pdf,"2016 - John & Jennie S. MacDonald Professor of Economics, MIT"
mit_finkelstein_amy,Massachusetts Institute of Technology,Ford Professor of Economics,2012,2016,https://economics.mit.edu/sites/default/files/2026-01/cvdec2025.pdf,"2012 - 2016 Ford Professor of Economics, MIT"
mit_finkelstein_amy,Massachusetts Institute of Technology,Professor of Economics,2008,2012,https://economics.mit.edu/sites/default/files/2026-01/cvdec2025.pdf,"2008 - 2012 Professor of Economics, MIT"
mit_finkelstein_amy,University of Chicago Booth School of Business,Visiting Professor of Economics,2010,2011,https://economics.mit.edu/sites/default/files/2026-01/cvdec2025.pdf,"2010 - 2011 Visiting Professor of Economics, University of Chicago Booth School of Business"
mit_finkelstein_amy,Massachusetts Institute of Technology,Associate Professor of Economics (with tenure),2007,2008,https://economics.mit.edu/sites/default/files/2026-01/cvdec2025.pdf,"2007 - 2008 Associate Professor of Economics (with tenure), MIT"
mit_finkelstein_amy,Massachusetts Institute of Technology,Assistant Professor of Economics,2005,2007,https://economics.mit.edu/sites/default/files/2026-01/cvdec2025.pdf,"2005 - 2007 Assistant Professor of Economics, MIT"
mit_finkelstein_amy,Harvard University,Junior Fellow (Society of Fellows),2002,2005,https://economics.mit.edu/sites/default/files/2026-01/cvdec2025.pdf,"2002 - 2005 Junior Fellow, Harvard Society of Fellows"
mit_finkelstein_amy,National Bureau of Economic Research,Visiting Scholar in the Demography of Aging,2001,2002,https://economics.mit.edu/sites/default/files/2026-01/cvdec2025.pdf,"2001 - 2002 Visiting Scholar in the Demography of Aging, NBER"
mit_finkelstein_amy,Council of Economic Advisers,Staff Economist,1997,1998,https://economics.mit.edu/sites/default/files/2026-01/cvdec2025.pdf,"1997 - 1998 Staff Economist, Council of Economic Advisers"
mit_mikusheva_anna,Massachusetts Institute of Technology,Edward A. Abdun-Nur (1924) Professor of Economics,2024,,https://economics.mit.edu/sites/default/files/2026-03/CV_%202026%20March.pdf,"July 2024- present Edward A. Abdun-Nur (1924) Professor of Economics, MIT"
mit_mikusheva_anna,Massachusetts Institute of Technology,Professor of Economics,2022,2024,https://economics.mit.edu/sites/default/files/2026-03/CV_%202026%20March.pdf,"July 2022-July 2024 Professor of Economics, MIT"
mit_mikusheva_anna,Harvard University,Visiting Professor,2022,2023,https://economics.mit.edu/sites/default/files/2026-03/CV_%202026%20March.pdf,"July 2022-June 2023 Visiting Professor, Harvard University"
mit_mikusheva_anna,Massachusetts Institute of Technology,Associate Professor of Economics,2015,2022,https://economics.mit.edu/sites/default/files/2026-03/CV_%202026%20March.pdf,"July 2015-June 2022 Associate Professor of Economics, MIT"
mit_mikusheva_anna,Massachusetts Institute of Technology,Castle-Krob Career Development Associate Professor,2012,2015,https://economics.mit.edu/sites/default/files/2026-03/CV_%202026%20March.pdf,"July 2012-June 2015 Castle-Krob Career Development Associate Professor of Economics, MIT"
mit_mikusheva_anna,Massachusetts Institute of Technology,Castle-Krob Career Development Assistant Professor,2008,2012,https://economics.mit.edu/sites/default/files/2026-03/CV_%202026%20March.pdf,"July 2008-June 2012 Castle-Krob Career Development Assistant Professor of Economics, MIT"
mit_mikusheva_anna,Massachusetts Institute of Technology,Assistant Professor of Economics,2007,2008,https://economics.mit.edu/sites/default/files/2026-03/CV_%202026%20March.pdf,"July 2007-June 2008 Assistant Professor of Economics, MIT"
mit_morris_stephen,Massachusetts Institute of Technology,Peter A. Diamond Professor in Economics,2020,,https://economics.mit.edu/sites/default/files/2026-02/morris%20cv%20feb%202026.pdf,"Massachusetts Institute of Technology: Peter A. Diamond Professor in Economics, 2020-Present"
mit_morris_stephen,Massachusetts Institute of Technology,Professor of Economics,2019,2020,https://economics.mit.edu/sites/default/files/2026-02/morris%20cv%20feb%202026.pdf,"Massachusetts Institute of Technology: Professor of Economics, 2019-2020"
mit_morris_stephen,Princeton University,Professor of Economics / Alexander Stewart 1886 Professor of Economics,2005,2019,https://economics.mit.edu/sites/default/files/2026-02/morris%20cv%20feb%202026.pdf,Princeton University: Professor of Economics 2005-2019; Alexander Stewart 1886 Professor of Economics 2007-2019
mit_morris_stephen,Yale University,Professor of Economics / Irving Fisher Professor of Economics,1998,2005,https://economics.mit.edu/sites/default/files/2026-02/morris%20cv%20feb%202026.pdf,"Yale University: Professor of Economics, 1998-2005"
mit_morris_stephen,University of Pennsylvania,Associate Professor of Economics with Tenure,1996,1998,https://economics.mit.edu/sites/default/files/2026-02/morris%20cv%20feb%202026.pdf,"University of Pennsylvania: Associate Professor of Economics with Tenure, 1996-1998"
mit_morris_stephen,University of Pennsylvania,Philip Schlein Assistant Professor of Economics,1991,1996,https://economics.mit.edu/sites/default/files/2026-02/morris%20cv%20feb%202026.pdf,"University of Pennsylvania: Philip Schlein Assistant Professor of Economics, 1991-1996"
mit_olken_benjamin,Massachusetts Institute of Technology,TEPCO Professor of Economics,2025,,https://economics.mit.edu/sites/default/files/2025-07/250630%20Olken%20CV.pdf,"2025 - TEPCO Professor of Economics, MIT"
mit_olken_benjamin,Abdul Latif Jameel Poverty Action Lab,Director,2012,,https://economics.mit.edu/sites/default/files/2025-07/250630%20Olken%20CV.pdf,"2012 - Director, Abdul Latif Jameel Poverty Action Lab (J-PAL)"
mit_olken_benjamin,Massachusetts Institute of Technology,Jane Berkowitz Carlton and Dennis William Carlton Professor of Microeconomics,2020,2025,https://economics.mit.edu/sites/default/files/2025-07/250630%20Olken%20CV.pdf,2020 - 2025 Jane Berkowitz Carlton and Dennis William Carlton Professor of Microeconomics
mit_olken_benjamin,Massachusetts Institute of Technology,Professor of Economics,2012,2020,https://economics.mit.edu/sites/default/files/2025-07/250630%20Olken%20CV.pdf,"2012 - 2020 Professor of Economics, MIT"
mit_olken_benjamin,Massachusetts Institute of Technology,Associate Professor with Tenure,2008,2012,https://economics.mit.edu/sites/default/files/2025-07/250630%20Olken%20CV.pdf,"2008 - 2012 Associate Professor with Tenure, MIT"
mit_olken_benjamin,Harvard University,Junior Fellow (Society of Fellows),2005,2008,https://economics.mit.edu/sites/default/files/2025-07/250630%20Olken%20CV.pdf,"2005 - 2008 Junior Fellow, Harvard Society of Fellows"
mit_pathak_parag,Massachusetts Institute of Technology,Class of 1922 Professor of Economics,2020,,https://economics.mit.edu/sites/default/files/2025-02/vita_mit.pdf,"Class of 1922 Professor of Economics, 2020-"
mit_pathak_parag,Massachusetts Institute of Technology,Jane Berkowitz Carlton and Dennis William Carlton Professor of Microeconomics,2016,2020,https://economics.mit.edu/sites/default/files/2025-02/vita_mit.pdf,"Jane Berkowitz Carlton and Dennis William Carlton Professor of Microeconomics, 2016-2020"
mit_pathak_parag,Massachusetts Institute of Technology,Professor of Economics,2014,,https://economics.mit.edu/sites/default/files/2025-02/vita_mit.pdf,"Professor of Economics, 2014-"
mit_pathak_parag,Massachusetts Institute of Technology,Associate Professor of Economics (with Tenure),2011,2014,https://economics.mit.edu/sites/default/files/2025-02/vita_mit.pdf,"Associate Professor of Economics (with Tenure), 2011-2014"
mit_pathak_parag,Massachusetts Institute of Technology,Economics Career Development Assistant Professor of Economics,2009,2011,https://economics.mit.edu/sites/default/files/2025-02/vita_mit.pdf,"Economics Career Development Assistant Professor of Economics, 2009-2011"
mit_pathak_parag,Massachusetts Institute of Technology,Assistant Professor of Economics,2008,2009,https://economics.mit.edu/sites/default/files/2025-02/vita_mit.pdf,"Assistant Professor of Economics, 2008-2009"
mit_pathak_parag,Harvard University,Junior Fellow (Society of Fellows),2007,2009,https://economics.mit.edu/sites/default/files/2025-02/vita_mit.pdf,"Junior Fellow, Society of Fellows, 2007-2009"
mit_pathak_parag,Stanford Graduate School of Business,Visiting Assistant Professor of Economics,2010,2011,https://economics.mit.edu/sites/default/files/2025-02/vita_mit.pdf,"Visiting Assistant Professor of Economics, 2010-2011"
mit_salz_tobias,Massachusetts Institute of Technology,Castle Krob Career Development Associate Professor of Economics,2023,,https://economics.mit.edu/sites/default/files/2026-03/cv_salz_030526.pdf,"07/2023 - MIT, Castle Krob Career Development Associate Professor of Economics (without tenure)"
mit_salz_tobias,National Bureau of Economic Research,Faculty Research Fellow,2019,,https://economics.mit.edu/sites/default/files/2026-03/cv_salz_030526.pdf,"05/2019 - NBER, Faculty Research Fellow"
mit_salz_tobias,Massachusetts Institute of Technology,Castle Krob Career Development Assistant Professor,2019,2023,https://economics.mit.edu/sites/default/files/2026-03/cv_salz_030526.pdf,"08/2019 - 06/2023 MIT, Castle Krob Career Development Assistant Professor of Economics"
mit_salz_tobias,Yale University,Visiting Assistant Professor of Economics,2022,2022,https://economics.mit.edu/sites/default/files/2026-03/cv_salz_030526.pdf,"01/2022 - 06/2022 Yale University, Visiting Assistant Professor of Economics"
mit_salz_tobias,Harvard University,Visiting Assistant Professor of Economics,2021,2021,https://economics.mit.edu/sites/default/files/2026-03/cv_salz_030526.pdf,"08/2021 - 12/2021 Harvard University, Visiting Assistant Professor of Economics"
mit_salz_tobias,Massachusetts Institute of Technology,Assistant Professor of Economics,2019,2019,https://economics.mit.edu/sites/default/files/2026-03/cv_salz_030526.pdf,"01/2019 - 08/2019 MIT, Assistant Professor of Economics"
mit_salz_tobias,Columbia University,Assistant Professor of Economics,2017,2018,https://economics.mit.edu/sites/default/files/2026-03/cv_salz_030526.pdf,"07/2017 - 12/2018 Columbia University, Assistant Professor of Economics"
mit_salz_tobias,Columbia University,Postdoctoral Researcher,2016,2017,https://economics.mit.edu/sites/default/files/2026-03/cv_salz_030526.pdf,"07/2016 - 06/2017 Columbia University, Postdoctoral Researcher"
mit_werning_ivan,Massachusetts Institute of Technology,Robert M. Solow Professor of Economics,2014,,https://economics.mit.edu/sites/default/files/2022-08/cv_werning.pdf,"2014-present Robert M. Solow Professor of Economics, MIT"
mit_werning_ivan,Massachusetts Institute of Technology,Professor of Economics,2008,2013,https://economics.mit.edu/sites/default/files/2022-08/cv_werning.pdf,"2008-2013 Professor of Economics, MIT"
mit_werning_ivan,Massachusetts Institute of Technology,Associate Professor with Tenure,2007,,https://economics.mit.edu/sites/default/files/2022-08/cv_werning.pdf,"2007 Associate Professor with Tenure, MIT"
mit_werning_ivan,Massachusetts Institute of Technology,Assistant Professor,2002,2006,https://economics.mit.edu/sites/default/files/2022-08/cv_werning.pdf,"2002-2006 Assistant Professor, MIT"
mit_yildiz_muhamet,Massachusetts Institute of Technology,Professor,2009,,https://economics.mit.edu/sites/default/files/2022-08/cv_yildiz.pdf,"Professor, 2009-present"
mit_yildiz_muhamet,Massachusetts Institute of Technology,Associate Professor,2006,2009,https://economics.mit.edu/sites/default/files/2022-08/cv_yildiz.pdf,"Associate Professor, 2006-2009 (tenure at 2007)"
mit_yildiz_muhamet,Massachusetts Institute of Technology,Assistant Professor,2000,2006,https://economics.mit.edu/sites/default/files/2022-08/cv_yildiz.pdf,"Assistant Professor, 2000-2006"
mit_atkin_david,Massachusetts Institute of Technology,Associate Department Head,2024,,https://www.dropbox.com/s/xh3kz8l3trg9w4a/DavidAtkinCV_web.pdf?raw=1,"2024- MIT, Associate Department Head"
mit_atkin_david,Massachusetts Institute of Technology,Barton L. Weller (1940) Professor of Economics,2024,,https://www.dropbox.com/s/xh3kz8l3trg9w4a/DavidAtkinCV_web.pdf?raw=1,"2024- MIT, Barton L. Weller (1940) Professor of Economics"
mit_atkin_david,Massachusetts Institute of Technology,Professor,2019,2024,https://www.dropbox.com/s/xh3kz8l3trg9w4a/DavidAtkinCV_web.pdf?raw=1,"2019-2024 MIT, Professor"
mit_atkin_david,Massachusetts Institute of Technology,Associate Professor (with tenure),2017,2019,https://www.dropbox.com/s/xh3kz8l3trg9w4a/DavidAtkinCV_web.pdf?raw=1,"2017-2019 MIT, Associate Professor (with tenure)"
mit_atkin_david,Massachusetts Institute of Technology,Assistant Professor,2015,2017,https://www.dropbox.com/s/xh3kz8l3trg9w4a/DavidAtkinCV_web.pdf?raw=1,"2015-2017 MIT, Assistant Professor"
mit_atkin_david,UCLA,Assistant Professor,2014,2015,https://www.dropbox.com/s/xh3kz8l3trg9w4a/DavidAtkinCV_web.pdf?raw=1,"2014-2015 UCLA, Assistant Professor"
mit_atkin_david,Yale University,Assistant Professor,2009,2014,https://www.dropbox.com/s/xh3kz8l3trg9w4a/DavidAtkinCV_web.pdf?raw=1,"2009-2014 Yale University, Assistant Professor"
mit_banerjee_abhijit,Massachusetts Institute of Technology,Ford Foundation International Professor of Economics,2003,,https://economics.mit.edu/sites/default/files/2025-12/Abhijit%20Banerjee%20-%20CV%20%28December%202025%29.pdf,"2003- Ford Foundation International Professor of Economics, M.I.T."
mit_banerjee_abhijit,Massachusetts Institute of Technology,"Director, Abdul Latif Jameel Poverty Action Lab",2003,,https://economics.mit.edu/sites/default/files/2025-12/Abhijit%20Banerjee%20-%20CV%20%28December%202025%29.pdf,"2003- Director, Abdul Latif Jameel Poverty Action Lab, M.I.T."
mit_donaldson_dave,Massachusetts Institute of Technology,Class of 1949 Professor,2023,,https://economics.mit.edu/sites/default/files/2026-02/Donaldson_CV_02202026.pdf,"2023-present Class of 1949 Professor, MIT, Department of Economics"
mit_donaldson_dave,London School of Economics,Centennial Visiting Professor of Economics,2023,2024,https://economics.mit.edu/sites/default/files/2026-02/Donaldson_CV_02202026.pdf,"2023-2024 Centennial Visiting Professor of Economics, London School of Economics"
mit_donaldson_dave,Massachusetts Institute of Technology,Professor of Economics,2017,2023,https://economics.mit.edu/sites/default/files/2026-02/Donaldson_CV_02202026.pdf,"2017-2023 Professor of Economics, MIT, Department of Economics"
mit_donaldson_dave,Stanford University,Associate Professor of Economics (with tenure),2014,2017,https://economics.mit.edu/sites/default/files/2026-02/Donaldson_CV_02202026.pdf,"2014-2017 Associate Professor of Economics (with tenure), Stanford, Department of Economics"
mit_donaldson_dave,Massachusetts Institute of Technology,Gary Loveman Career Development Associate Professor,2013,2014,https://economics.mit.edu/sites/default/files/2026-02/Donaldson_CV_02202026.pdf,"2013-2014 Gary Loveman Career Development Associate Professor, MIT"
mit_donaldson_dave,Massachusetts Institute of Technology,Gary Loveman Career Development Assistant Professor,2011,2013,https://economics.mit.edu/sites/default/files/2026-02/Donaldson_CV_02202026.pdf,"2011-2013 Gary Loveman Career Development Assistant Professor, MIT"
mit_donaldson_dave,Massachusetts Institute of Technology,Assistant Professor,2009,2011,https://economics.mit.edu/sites/default/files/2026-02/Donaldson_CV_02202026.pdf,"2009-2011 Assistant Professor, MIT, Department of Economics"
mit_fudenberg_drew,Massachusetts Institute of Technology,Paul A. Samuelson Professor of Economics,2016,,https://economics.mit.edu/sites/default/files/2026-03/cv-fudenberg-3.12.26.pdf,"Paul A. Samuelson Professor of Economics, MIT, 2016 - present"
mit_fudenberg_drew,Harvard University,Professor,1993,2016,https://economics.mit.edu/sites/default/files/2026-03/cv-fudenberg-3.12.26.pdf,"Professor, Harvard University, 1993 - 2016"
mit_fudenberg_drew,Massachusetts Institute of Technology,Professor,1987,1993,https://economics.mit.edu/sites/default/files/2026-03/cv-fudenberg-3.12.26.pdf,"Professor, Massachusetts Institute of Technology, 1987 - 1993"
mit_fudenberg_drew,UC Berkeley,Associate Professor,1985,1987,https://economics.mit.edu/sites/default/files/2026-03/cv-fudenberg-3.12.26.pdf,"Associate Professor, University of California, Berkeley, 1985 - 1987"
mit_fudenberg_drew,UC Berkeley,Assistant Professor,1981,1985,https://economics.mit.edu/sites/default/files/2026-03/cv-fudenberg-3.12.26.pdf,"Assistant Professor, University of California, Berkeley, 1981 - 1985"
mit_hendren_nathaniel,Massachusetts Institute of Technology,Professor of Economics,2023,,https://economics.mit.edu/sites/default/files/2025-06/nh%20cv%206.30.25_1.pdf,"2023 - present Professor of Economics, MIT"
mit_hendren_nathaniel,Harvard University,Professor of Economics,2017,2023,https://economics.mit.edu/sites/default/files/2025-06/nh%20cv%206.30.25_1.pdf,"2017 - 2023 Professor of Economics, Harvard University"
mit_hendren_nathaniel,Harvard University,Assistant Professor of Economics,2013,2017,https://economics.mit.edu/sites/default/files/2025-06/nh%20cv%206.30.25_1.pdf,"2013 - 2017 Assistant Professor of Economics, Harvard University"
mit_hendren_nathaniel,National Bureau of Economic Research,Health and Aging Post-Doctoral Fellow,2012,2013,https://economics.mit.edu/sites/default/files/2025-06/nh%20cv%206.30.25_1.pdf,"2012 - 2013 Health and Aging Post-Doctoral Fellow, NBER"
mit_moscona_jacob,Massachusetts Institute of Technology,3M Career Development Assistant Professor of Economics,2024,,https://economics.mit.edu/sites/default/files/2025-12/MosconaCV_latest_website.pdf,"2024- 3M Career Development Assistant Professor of Economics, MIT"
mit_moscona_jacob,National Bureau of Economic Research,Faculty Research Fellow (DEV & EEE),2024,,https://economics.mit.edu/sites/default/files/2025-12/MosconaCV_latest_website.pdf,"2024- Faculty Research Fellow, National Bureau of Economic Research"
mit_moscona_jacob,Harvard University,"Prize Fellow in Economics, History and Politics",2021,2024,https://economics.mit.edu/sites/default/files/2025-12/MosconaCV_latest_website.pdf,"2021-2024 Prize Fellow in Economics, History and Politics, Harvard University"
mit_schilbach_frank,Massachusetts Institute of Technology,Associate Professor of Economics,2023,,https://economics.mit.edu/sites/default/files/2025-06/Schilbach_CV_2025_current.pdf,"Associate Professor of Economics, 2023-"
mit_schilbach_frank,Massachusetts Institute of Technology,Gary Loveman Career Development Associate Professor of Economics,2020,2023,https://economics.mit.edu/sites/default/files/2025-06/Schilbach_CV_2025_current.pdf,"Gary Loveman Career Development Associate Professor of Economics, 2020 -2023"
mit_schilbach_frank,Massachusetts Institute of Technology,Gary Loveman Career Development Assistant Professor of Economics,2018,2020,https://economics.mit.edu/sites/default/files/2025-06/Schilbach_CV_2025_current.pdf,"Gary Loveman Career Development Assistant Professor of Economics, 2018 -2020"
mit_schilbach_frank,Massachusetts Institute of Technology,Assistant Professor of Economics,2015,2018,https://economics.mit.edu/sites/default/files/2025-06/Schilbach_CV_2025_current.pdf,"Assistant Professor of Economics, 2015-2018"
mit_townsend_robert_m,Massachusetts Institute of Technology,Elizabeth & James Killian Professor of Economics,2008,,https://economics.mit.edu/sites/default/files/2026-04/cv_townsend.pdf,"Elizabeth & James Killian Professor of Economics, MIT, 2008 -"
mit_townsend_robert_m,University of Chicago,Charles E. Merriam Distinguished Service Professor,1998,2008,https://economics.mit.edu/sites/default/files/2026-04/cv_townsend.pdf,"Charles E. Merriam Distinguished Service Professor, University of Chicago, 1998-2008"
mit_townsend_robert_m,University of Chicago,Charles E. Merriam Professor,1994,1997,https://economics.mit.edu/sites/default/files/2026-04/cv_townsend.pdf,"Charles E. Merriam Professor, University of Chicago, 1994 - 1997"
mit_townsend_robert_m,University of Chicago,Professor of Economics,1985,1994,https://economics.mit.edu/sites/default/files/2026-04/cv_townsend.pdf,"Professor of Economics, University of Chicago, 1985 - 1994"
mit_townsend_robert_m,Carnegie-Mellon University,Professor of Economics,1980,1985,https://economics.mit.edu/sites/default/files/2026-04/cv_townsend.pdf,"Professor of Economics, Carnegie-Mellon University, 1980-1985"
mit_townsend_robert_m,Carnegie-Mellon University,Associate Professor of Economics,1978,1980,https://economics.mit.edu/sites/default/files/2026-04/cv_townsend.pdf,"Associate Professor of Economics, Carnegie-Mellon University, 1978-1980"
mit_townsend_robert_m,Carnegie-Mellon University,Assistant Professor of Economics,1975,1978,https://economics.mit.edu/sites/default/files/2026-04/cv_townsend.pdf,"Assistant Professor of Economics, GSIA, Carnegie-Mellon University, 1975-1978"
mit_whinston_michael,Massachusetts Institute of Technology,Professor of Economics / Sloan Fellows Professor of Management,2013,,https://economics.mit.edu/sites/default/files/2025-08/cv%20-%20academic.pdf,"Massachusetts Institute of Technology, 2013-"
mit_whinston_michael,Northwestern University,Robert E. and Emily H. King Professor of Business Institutions,1998,2013,https://economics.mit.edu/sites/default/files/2025-08/cv%20-%20academic.pdf,"Northwestern University, Department of Economics, Robert E. and Emily H. King Professor of Business Institutions, 1998-2013"
mit_whinston_michael,Harvard University,Professor of Economics,1991,1998,https://economics.mit.edu/sites/default/files/2025-08/cv%20-%20academic.pdf,"Harvard University, Professor of Economics, 1991-98"
mit_whinston_michael,Harvard University,Frederick S. Danziger Associate Professor of Economics,1988,1991,https://economics.mit.edu/sites/default/files/2025-08/cv%20-%20academic.pdf,"Harvard University, Frederick S. Danziger Associate Professor of Economics, 1988-91"
mit_whinston_michael,Harvard University,Assistant Professor of Economics,1984,1988,https://economics.mit.edu/sites/default/files/2025-08/cv%20-%20academic.pdf,"Harvard University, Assistant Professor of Economics, 1984-88"
mit_wolitzky_alexander,Massachusetts Institute of Technology,Jane Berkowitz Carlton and Dennis William Carlton Professor of Microeconomics,2025,,https://economics.mit.edu/sites/default/files/2026-04/cvMarch2026.pdf,"Jane Berkowitz Carlton and Dennis William Carlton Professor of Microeconomics, 2025-"
mit_wolitzky_alexander,Massachusetts Institute of Technology,Professor of Economics,2020,2025,https://economics.mit.edu/sites/default/files/2026-04/cvMarch2026.pdf,"Professor of Economics, 2020-2025"
mit_wolitzky_alexander,Massachusetts Institute of Technology,Associate Professor of Economics (with tenure),2018,2020,https://economics.mit.edu/sites/default/files/2026-04/cvMarch2026.pdf,"Associate Professor of Economics (with tenure), 2018-2020"
mit_wolitzky_alexander,Massachusetts Institute of Technology,Associate Professor of Economics (Pentti J. K. Kouri Career Development Chair),2016,2018,https://economics.mit.edu/sites/default/files/2026-04/cvMarch2026.pdf,"Associate Professor of Economics (Pentti J. K. Kouri Career Development Chair), 2016-2018"
mit_wolitzky_alexander,Massachusetts Institute of Technology,Assistant Professor of Economics (Pentti J. K. Kouri Career Development Chair),2014,2016,https://economics.mit.edu/sites/default/files/2026-04/cvMarch2026.pdf,"Assistant Professor of Economics (Pentti J. K. Kouri Career Development Chair), 2014-2016"
mit_wolitzky_alexander,Stanford University,Assistant Professor of Economics,2012,2014,https://economics.mit.edu/sites/default/files/2026-04/cvMarch2026.pdf,"Stanford University: Assistant Professor of Economics, 2012-2014"
mit_hausman_jerry,Massachusetts Institute of Technology,John & Jennie S. MacDonald Professor of Economics,,,https://economics.mit.edu/sites/default/files/2022-08/cv_hausman.pdf,"John & Jennie S. MacDonald Professor of Economics, MIT"
mit_gruber_jonathan,Massachusetts Institute of Technology,Ford Professor of Economics; Department Head,,,https://economics.mit.edu/sites/default/files/2026-04/JG%20Resume%204.13.26_0.pdf,"Chairman, MIT Department of Economics; Ford Professor of Economics, MIT"
mit_gruber_jonathan,Massachusetts Institute of Technology,Professor of Economics,1997,2014,https://economics.mit.edu/sites/default/files/2026-04/JG%20Resume%204.13.26_0.pdf,"Professor of Economics, MIT, 1997-2014"
mit_gruber_jonathan,Massachusetts Institute of Technology,Margaret MacVicar Faculty Fellow,2007,2017,https://economics.mit.edu/sites/default/files/2026-04/JG%20Resume%204.13.26_0.pdf,"Margaret MacVicar Faculty Fellow, MIT, 2007-2017"
mit_gruber_jonathan,National Bureau of Economic Research,"Director, Program on Health Care",2009,2019,https://economics.mit.edu/sites/default/files/2026-04/JG%20Resume%204.13.26_0.pdf,"Director, National Bureau of Economic Research's Program on Health Care, 2009-2019"
mit_gruber_jonathan,Massachusetts Institute of Technology,Castle Krob Associate Professor of Economics,1995,1997,https://economics.mit.edu/sites/default/files/2026-04/JG%20Resume%204.13.26_0.pdf,"Castle Krob Associate Professor of Economics, MIT, 1995-1997"
mit_gruber_jonathan,Massachusetts Institute of Technology,Assistant Professor of Economics,1992,1995,https://economics.mit.edu/sites/default/files/2026-04/JG%20Resume%204.13.26_0.pdf,"Assistant Professor of Economics, MIT, 1992-1995"
mit_gruber_jonathan,U.S. Treasury Department,Deputy Assistant Secretary for Economic Policy,1997,1998,https://economics.mit.edu/sites/default/files/2026-04/JG%20Resume%204.13.26_0.pdf,"Deputy Assistant Secretary for Economic Policy, U.S. Treasury Department, 1997-1998"
mit_prelec_drazen,Massachusetts Institute of Technology,"Digital Equipment Corporation Leaders for Global Operations Professor of Management, Management Science, and Economics",2009,,https://economics.mit.edu/sites/default/files/2022-09/PrelecCVMarch2022.pdf,"Digital Equipment Corporation Leaders for Global Operations Professor of Management, Management Science, and Economics, Sloan School, MIT: 2009 -"
mit_prelec_drazen,Massachusetts Institute of Technology,Professor of Management Science,1998,2002,https://economics.mit.edu/sites/default/files/2022-09/PrelecCVMarch2022.pdf,"Professor of Management Science, Sloan School, MIT: 1998-2002"
mit_prelec_drazen,Massachusetts Institute of Technology,Associate Professor of Management Science,1991,1998,https://economics.mit.edu/sites/default/files/2022-09/PrelecCVMarch2022.pdf,"Associate Professor of Management Science, Sloan School, MIT: 1991-1998"
mit_prelec_drazen,Harvard Business School,Assistant Professor of Managerial Economics,1985,1991,https://economics.mit.edu/sites/default/files/2022-09/PrelecCVMarch2022.pdf,"Assistant Professor of Managerial Economics, Harvard Business School: 1985-1991"
mit_rambachan_ashesh,Massachusetts Institute of Technology,Silverman (1968) Family Career Development Assistant Professor of Economics,2025,,https://economics.mit.edu/sites/default/files/2026-02/asheshr_cv.pdf,2025- Silverman (1968) Family Career Development Assistant Professor of Economics
mit_rambachan_ashesh,Massachusetts Institute of Technology,Assistant Professor,2023,2025,https://economics.mit.edu/sites/default/files/2026-02/asheshr_cv.pdf,"2023-2025 Assistant Professor, Department of Economics, M.I.T."
mit_rambachan_ashesh,Microsoft Research New England,Postdoctoral Researcher,2022,2023,https://economics.mit.edu/sites/default/files/2026-02/asheshr_cv.pdf,"2022-2023 Postdoctoral Researcher, Microsoft Research New England"
mit_poterba_james,Massachusetts Institute of Technology,Mitsui Professor of Economics,1996,,https://economics.mit.edu/sites/default/files/2026-01/jpcv0126.pdf,"1996- Mitsui Professor of Economics, MIT"
mit_poterba_james,National Bureau of Economic Research,President and Chief Executive Officer,2008,,https://economics.mit.edu/sites/default/files/2026-01/jpcv0126.pdf,"2008- President and Chief Executive Officer, National Bureau of Economic Research"
mit_poterba_james,Massachusetts Institute of Technology,"Department Head, MIT Economics Department",2006,2008,https://economics.mit.edu/sites/default/files/2026-01/jpcv0126.pdf,"2006-8 Department Head, MIT Economics Department"
mit_poterba_james,Massachusetts Institute of Technology,Associate Department Head,1994,2006,https://economics.mit.edu/sites/default/files/2026-01/jpcv0126.pdf,"1994-2006 Associate Department Head, MIT Economics Department"
mit_poterba_james,Massachusetts Institute of Technology,Professor of Economics,1988,1996,https://economics.mit.edu/sites/default/files/2026-01/jpcv0126.pdf,"1988-96 Professor of Economics, MIT"
mit_poterba_james,Massachusetts Institute of Technology,Associate Professor of Economics,1986,1988,https://economics.mit.edu/sites/default/files/2026-01/jpcv0126.pdf,"1986-8 Associate Professor of Economics, MIT"
mit_poterba_james,Massachusetts Institute of Technology,Assistant Professor of Economics,1983,1986,https://economics.mit.edu/sites/default/files/2026-01/jpcv0126.pdf,"1983-6 Assistant Professor of Economics, MIT"
mit_poterba_james,"Nuffield College, Oxford",Junior Research Fellow,1982,1983,https://economics.mit.edu/sites/default/files/2026-01/jpcv0126.pdf,"1982-3 Junior Research Fellow, Nuffield College, Oxford"
mit_roussille_nina,Massachusetts Institute of Technology,Assistant Professor,2023,,https://ninaroussille.github.io,I joined MIT's Economics Department as an Assistant Professor in July 2023.
