prof_id,paper_id,title,venue,year,paper_type,source_url,source_snippet
harvard_chetty_raj,harvard_chetty_raj_published_001,Changing Opportunity: Sociological Mechanisms Underlying Growing Class Gaps and Shrinking Race Gaps in Economic Mobility,Quarterly Journal of Economics,2026,published,https://rajchetty.com/CV.pdf,"""Changing Opportunity..."" (with Will Dobbie, Benjamin Goldman, Sonya Porter, and Crystal Yang), Quarterly Journal of Economics, 141(2): 1137–1210, 2026."
harvard_chetty_raj,harvard_chetty_raj_published_002,Diversifying Society's Leaders? The Determinants and Causal Effects of Admission to Highly Selective Private Colleges,Quarterly Journal of Economics,2026,published,https://rajchetty.com/CV.pdf,"""Diversifying Society's Leaders?..."" (with David Deming and John Friedman), Quarterly Journal of Economics 141(1): 51-145, 2026."
harvard_chetty_raj,harvard_chetty_raj_published_003,The Opportunity Atlas: Mapping the Childhood Roots of Social Mobility,American Economic Review,2026,published,https://rajchetty.com/CV.pdf,"""The Opportunity Atlas..."" (with John Friedman, Nathaniel Hendren, Maggie Jones, and Sonya Porter), American Economic Review 116(1): 1-51, 2026."
harvard_chetty_raj,harvard_chetty_raj_published_004,The Surrogate Index: Combining Short-Term Proxies to Estimate Long-Term Treatment Effects More Rapidly and Precisely,Review of Economic Studies,2025,published,https://rajchetty.com/CV.pdf,"""The Surrogate Index..."" (with Susan Athey, Guido Imbens, and Hyunseung Kang), Review of Economic Studies, Sep 2025."
harvard_chetty_raj,harvard_chetty_raj_published_005,Creating Moves to Opportunity: Experimental Evidence on Barriers to Neighborhood Choice,American Economic Review,2024,published,https://rajchetty.com/CV.pdf,"""Creating Moves to Opportunity..."" (with Peter Bergman, Stefanie DeLuca, Nathaniel Hendren, Lawrence Katz, and Christopher Palmer), American Economic Review 114(5): 1281-1337, 2024."
harvard_chetty_raj,harvard_chetty_raj_published_006,The Economic Impacts of COVID-19: Evidence from a New Public Database Built Using Private Sector Data,Quarterly Journal of Economics,2024,published,https://rajchetty.com/CV.pdf,"""The Economic Impacts of COVID-19..."" (with John Friedman, Michael Stepner, and the Opportunity Insights Team), QJE 139(2): 829–889, 2024."
harvard_chetty_raj,harvard_chetty_raj_published_007,Social Capital I: Measurement and Associations with Economic Mobility,Nature,2022,published,https://rajchetty.com/CV.pdf,"""Social Capital I..."" (with Matthew O. Jackson, Theresa Kuchler, Johannes Stroebel, et al.), Nature 608 (7921): 108-121, 2022."
harvard_chetty_raj,harvard_chetty_raj_published_008,Social Capital II: Determinants of Economic Connectedness,Nature,2022,published,https://rajchetty.com/CV.pdf,"""Social Capital II..."" (with Matthew O. Jackson, Theresa Kuchler, Johannes Stroebel, et al.), Nature 608 (7921): 122-134, 2022."
harvard_chetty_raj,harvard_chetty_raj_published_009,Income Segregation and Intergenerational Mobility Across Colleges in the United States,Quarterly Journal of Economics,2020,published,https://rajchetty.com/CV.pdf,"""Income Segregation..."" (with John Friedman, Emmanuel Saez, Nicholas Turner, and Danny Yagan), QJE 135(3): 1567-1633, 2020."
harvard_chetty_raj,harvard_chetty_raj_published_010,Race and Economic Opportunity in the United States: An Intergenerational Perspective,Quarterly Journal of Economics,2020,published,https://rajchetty.com/CV.pdf,"""Race and Economic Opportunity..."" (with Nathaniel Hendren, Margaret Jones, and Sonya Porter), QJE 135(2): 711-783, 2020."
harvard_chetty_raj,harvard_chetty_raj_published_011,Who Becomes an Inventor in America? The Importance of Exposure to Innovation,Quarterly Journal of Economics,2019,published,https://rajchetty.com/CV.pdf,"""Who Becomes an Inventor..."" (with Alex Bell, Xavier Jaravel, Neviana Petkova, and John van Reenen), QJE 134(2): 647-713, 2019."
harvard_chetty_raj,harvard_chetty_raj_published_012,A Practical Method to Reduce Privacy Loss when Disclosing Statistics Based on Small Samples,Journal of Privacy and Confidentiality,2019,published,https://rajchetty.com/CV.pdf,"""A Practical Method to Reduce Privacy Loss..."" (with John Friedman), Journal of Privacy and Confidentiality 9(2), 2019."
harvard_chetty_raj,harvard_chetty_raj_published_013,The Impacts of Neighborhoods on Intergenerational Mobility I: Childhood Exposure Effects,Quarterly Journal of Economics,2018,published,https://rajchetty.com/CV.pdf,"""The Impacts of Neighborhoods I..."" (with Nathaniel Hendren), QJE 133(3): 1107-1162, 2018."
harvard_chetty_raj,harvard_chetty_raj_published_014,The Impacts of Neighborhoods on Intergenerational Mobility II: County-Level Estimates,Quarterly Journal of Economics,2018,published,https://rajchetty.com/CV.pdf,"""The Impacts of Neighborhoods II..."" (with Nathaniel Hendren), QJE 133(3): 1163-1228, 2018."
harvard_chetty_raj,harvard_chetty_raj_published_015,The Effect of Housing on Portfolio Choice,Journal of Finance,2017,published,https://rajchetty.com/CV.pdf,"""The Effect of Housing on Portfolio Choice"" (with Laszlo Sandor and Adam Szeidl), Journal of Finance 72(3): 1171-1212, 2017."
harvard_chetty_raj,harvard_chetty_raj_published_016,The Fading American Dream: Trends in Absolute Income Mobility in the United States,Science,2017,published,https://rajchetty.com/CV.pdf,"""The Fading American Dream..."" (with David Grusky, Maximilian Hell, Nathaniel Hendren, Robert Manduca, and Jimmy Narang), Science 356 (6336): 398-406, 2017."
harvard_chetty_raj,harvard_chetty_raj_published_017,Measuring the Impacts of Teachers: Reply,American Economic Review,2017,published,https://rajchetty.com/CV.pdf,"""Measuring the Impacts of Teachers: Reply"" (with John Friedman and Jonah Rockoff), AER 107(6): 1685-1717, 2017."
harvard_chetty_raj,harvard_chetty_raj_published_018,"The Association Between Income and Life Expectancy in the United States, 2001-14",Journal of the American Medical Association,2016,published,https://rajchetty.com/CV.pdf,"""The Association Between Income and Life Expectancy..."" (with Michael Stepner, Sarah Abraham, Shelby Lin, Benjamin Scuderi, Nicholas Turner, Augustin Bergeron, and David Cutler), JAMA 315(16): 1750-17"
harvard_chetty_raj,harvard_chetty_raj_published_019,The Effects of Exposure to Better Neighborhoods on Children: New Evidence from the Moving to Opportunity Experiment,American Economic Review,2016,published,https://rajchetty.com/CV.pdf,"""The Effects of Exposure to Better Neighborhoods..."" (with Nathaniel Hendren and Lawrence Katz), AER 106(4): 855-902, 2016."
harvard_chetty_raj,harvard_chetty_raj_published_020,Consumption Commitments and Habit Formation,Econometrica,2016,published,https://rajchetty.com/CV.pdf,"""Consumption Commitments and Habit Formation"" (with Adam Szeidl), Econometrica 84(2): 855-890, 2016."
harvard_chetty_raj,harvard_chetty_raj_published_021,Identification and Inference with Many Invalid Instruments,Journal of Business Economics and Statistics,2015,published,https://rajchetty.com/CV.pdf,"""Identification and Inference with Many Invalid Instruments"" (with Michal Kolesar, John Friedman, Edward Glaeser, and Guido Imbens), JBES 33(4): 474-484, 2015."
harvard_chetty_raj,harvard_chetty_raj_published_022,Where is the Land of Opportunity? The Geography of Intergenerational Mobility in the United States,Quarterly Journal of Economics,2014,published,https://rajchetty.com/CV.pdf,"""Where is the Land of Opportunity?"" (with Nathaniel Hendren, Patrick Kline, and Emmanuel Saez), QJE 129(4): 1553-1623, 2014."
harvard_chetty_raj,harvard_chetty_raj_published_023,Measuring the Impacts of Teachers I: Evaluating Bias in Teacher Value-Added Estimates,American Economic Review,2014,published,https://rajchetty.com/CV.pdf,"""Measuring the Impacts of Teachers I..."" (with John Friedman and Jonah Rockoff), AER 104(9): 2593–2632, 2014."
harvard_chetty_raj,harvard_chetty_raj_published_024,Measuring the Impacts of Teachers II: Teacher Value-Added and Student Outcomes in Adulthood,American Economic Review,2014,published,https://rajchetty.com/CV.pdf,"""Measuring the Impacts of Teachers II..."" (with John Friedman and Jonah Rockoff), AER 104(9): 2633–2679, 2014."
harvard_chetty_raj,harvard_chetty_raj_published_025,Active vs. Passive Decisions and Crowd-Out in Retirement Savings Accounts: Evidence from Denmark,Quarterly Journal of Economics,2014,published,https://rajchetty.com/CV.pdf,"""Active vs. Passive Decisions..."" (with John Friedman, Soren Leth-Petersen, Torben Nielsen, and Tore Olsen), QJE 129(3): 1141-1219, 2014."
harvard_chetty_raj,harvard_chetty_raj_published_026,Using Differences in Knowledge Across Neighborhoods to Uncover the Impacts of the EITC on Earnings,American Economic Review,2013,published,https://rajchetty.com/CV.pdf,"""Using Differences in Knowledge..."" (with John Friedman and Emmanuel Saez), AER 103(7): 2683-2721, 2013."
harvard_chetty_raj,harvard_chetty_raj_published_027,Teaching the Tax Code: Earnings Responses to an Experiment with EITC Recipients,American Economic Journal: Applied Economics,2013,published,https://rajchetty.com/CV.pdf,"""Teaching the Tax Code..."" (with Emmanuel Saez), AEJ: Applied Economics 5(1): 1-31, 2013."
harvard_chetty_raj,harvard_chetty_raj_published_028,Bounds on Elasticities with Optimization Frictions: A Synthesis of Micro and Macro Evidence on Labor Supply,Econometrica,2012,published,https://rajchetty.com/CV.pdf,"""Bounds on Elasticities with Optimization Frictions...,"" Econometrica 80(3): 969-1018, 2012"
harvard_chetty_raj,harvard_chetty_raj_published_029,How Does Your Kindergarten Classroom Affect Your Earnings? Evidence from Project STAR,Quarterly Journal of Economics,2011,published,https://rajchetty.com/CV.pdf,"""How Does Your Kindergarten Classroom Affect Your Earnings?..."" (with John Friedman, Nathaniel Hilger, Emmanuel Saez, Diane Schanzenbach, and Danny Yagan), QJE 126(4): 1593-1660, 2011"
harvard_chetty_raj,harvard_chetty_raj_published_030,"Adjustment Costs, Firm Responses, and Micro vs. Macro Labor Supply Elasticities: Evidence from Danish Tax Records",Quarterly Journal of Economics,2011,published,https://rajchetty.com/CV.pdf,"""Adjustment Costs, Firm Responses..."" (with John Friedman, Tore Olsen, and Luigi Pistaferri), QJE 126(2): 749-804, 2011"
harvard_chetty_raj,harvard_chetty_raj_published_031,Dividend and Corporate Taxation in an Agency Model of the Firm,American Economic Journal: Economic Policy,2010,published,https://rajchetty.com/CV.pdf,"""Dividend and Corporate Taxation..."" (with Emmanuel Saez), AEJ: Economic Policy 2(3): 1-31, 2010"
harvard_chetty_raj,harvard_chetty_raj_published_032,Optimal Taxation and Social Insurance with Endogenous Private Insurance,American Economic Journal: Economic Policy,2010,published,https://rajchetty.com/CV.pdf,"""Optimal Taxation and Social Insurance..."" (with Emmanuel Saez), AEJ: Economic Policy 2(2): 85–114, 2010"
harvard_chetty_raj,harvard_chetty_raj_published_033,Salience and Taxation: Theory and Evidence,American Economic Review,2009,published,https://rajchetty.com/CV.pdf,"""Salience and Taxation: Theory and Evidence"" (with Adam Looney and Kory Kroft), AER 99(4): 1145-1177, Sep. 2009"
harvard_chetty_raj,harvard_chetty_raj_published_034,Is the Taxable Income Elasticity Sufficient to Calculate Deadweight Loss? The Implications of Evasion and Avoidance,American Economic Journal: Economic Policy,2009,published,https://rajchetty.com/CV.pdf,"""Is the Taxable Income Elasticity Sufficient to Calculate Deadweight Loss?...,"" AEJ: Economic Policy 1(2): 31–52, 2009."
harvard_chetty_raj,harvard_chetty_raj_published_035,Moral Hazard vs. Liquidity and Optimal Unemployment Insurance,Journal of Political Economy,2008,published,https://rajchetty.com/CV.pdf,"""Moral Hazard vs. Liquidity and Optimal Unemployment Insurance,"" JPE 116(2): 173-234, 2008."
harvard_chetty_raj,harvard_chetty_raj_published_036,Cash-on-Hand and Competing Models of Intertemporal Behavior: New Evidence from the Labor Market,Quarterly Journal of Economics,2007,published,https://rajchetty.com/CV.pdf,"""Cash-on-Hand and Competing Models..."" (with David Card and Andrea Weber), QJE 122(4): 1511-1560, 2007"
harvard_chetty_raj,harvard_chetty_raj_published_037,"Interest Rates, Irreversibility, and Backward-Bending Investment",Review of Economic Studies,2007,published,https://rajchetty.com/CV.pdf,"""Interest Rates, Irreversibility, and Backward-Bending Investment,"" Review of Economic Studies 74(1): 67-91, 2007"
harvard_chetty_raj,harvard_chetty_raj_published_038,Consumption Commitments and Risk Preferences,Quarterly Journal of Economics,2007,published,https://rajchetty.com/CV.pdf,"""Consumption Commitments and Risk Preferences"" (with Adam Szeidl), QJE 122(2): 831-877, 2007."
harvard_chetty_raj,harvard_chetty_raj_published_039,Consumption Smoothing and the Welfare Consequences of Social Insurance in Developing Economies,Journal of Public Economics,2006,published,https://rajchetty.com/CV.pdf,"""Consumption Smoothing..."" (with Adam Looney), Journal of Public Economics 90: 2351–2356, 2006"
harvard_chetty_raj,harvard_chetty_raj_published_040,A General Formula for the Optimal Level of Social Insurance,Journal of Public Economics,2006,published,https://rajchetty.com/CV.pdf,"""A General Formula for the Optimal Level of Social Insurance,"" Journal of Public Economics 90: 1879-1901, 2006"
harvard_chetty_raj,harvard_chetty_raj_published_041,A New Method of Estimating Risk Aversion,American Economic Review,2006,published,https://rajchetty.com/CV.pdf,"""A New Method of Estimating Risk Aversion,"" AER 96(5): 1821-1834, 2006"
harvard_chetty_raj,harvard_chetty_raj_published_042,Dividend Taxes and Corporate Behavior: Evidence from the 2003 Dividend Tax Cut,Quarterly Journal of Economics,2005,published,https://rajchetty.com/CV.pdf,"""Dividend Taxes and Corporate Behavior..."" (with Emmanuel Saez), QJE 120(3): 791-833, 2005"
harvard_chetty_raj,harvard_chetty_raj_published_043,Improving Equality of Opportunity: New Insights from Big Data,Contemporary Economic Policy,2021,published,https://rajchetty.com/CV.pdf,"""Improving Equality of Opportunity: New Insights from Big Data."" Contemporary Economic Policy, 39(1): 7-41, 2021."
harvard_chetty_raj,harvard_chetty_raj_published_044,Expanding and Diversifying the Pool of Undergraduates who Study Economics: Insights from a New Introductory Course at Harvard,Journal of Economic Education,2020,published,https://rajchetty.com/CV.pdf,"""Expanding and Diversifying the Pool of Undergraduates..."" (with Amanda Bayer, Gregory Bruich, and Andrew Housiaux), Journal of Economic Education, 51:3-4, 364-379, 2020."
harvard_chetty_raj,harvard_chetty_raj_published_045,Do Tax Cuts Produce More Einsteins? The Impacts of Financial Incentives vs. Exposure to Innovation on the Supply of Inventors,Journal of the European Economic Association,2019,published,https://rajchetty.com/CV.pdf,"""Do Tax Cuts Produce More Einsteins?..."" (with Alex Bell, Xavier Jaravel, Neviana Petkova, and John van Reenen), JEEA 17(3): 651-677, 2019"
harvard_chetty_raj,harvard_chetty_raj_published_046,A Practical Method to Reduce Privacy Loss when Disclosing Statistics Based on Small Samples,American Economic Review Papers and Proceedings,2019,published,https://rajchetty.com/CV.pdf,"""A Practical Method to Reduce Privacy Loss..."" (with John Friedman), AER P&P 109(5):414-420, 2019"
harvard_chetty_raj,harvard_chetty_raj_published_047,Effects of Local Health Interventions on Inequality in Life Expectancy: New Publicly Available Data,American Journal of Public Health,2016,published,https://rajchetty.com/CV.pdf,"""Effects of Local Health Interventions..."" (with David Cutler and Michael Stepner), AJPH 106(12): 2154–2155, 2016"
harvard_chetty_raj,harvard_chetty_raj_published_048,Childhood Environment and Gender Gaps in Adulthood,American Economic Review Papers and Proceedings,2016,published,https://rajchetty.com/CV.pdf,"""Childhood Environment and Gender Gaps in Adulthood"" (with Nathaniel Hendren, Frina Lin, Jeremy Majerovitz, and Benjamin Scuderi), AER P&P 106(5): 282-88, 2016"
harvard_chetty_raj,harvard_chetty_raj_published_049,Using Lagged Outcomes to Evaluate Bias in Value-Added Models,American Economic Review Papers and Proceedings,2016,published,https://rajchetty.com/CV.pdf,"""Using Lagged Outcomes..."" (with John Friedman and Jonah Rockoff), AER P&P 106(5): 393-99, 2016"
harvard_chetty_raj,harvard_chetty_raj_published_050,Behavioral Economics and Public Policy: A Pragmatic Perspective,American Economic Review Papers and Proceedings,2015,published,https://rajchetty.com/CV.pdf,"""Behavioral Economics and Public Policy: A Pragmatic Perspective,"" Richard T. Ely Lecture, AER P&P 105(5): 1-33, 2015"
harvard_chetty_raj,harvard_chetty_raj_published_051,What Policies Increase Pro-Social Behavior? An Experiment with Referees at the Journal of Public Economics,Journal of Economic Perspectives,2014,published,https://rajchetty.com/CV.pdf,"""What Policies Increase Pro-Social Behavior?..."" (with Emmanuel Saez and Laszlo Sandor), JEP 28(3): 169-88, 2014"
harvard_chetty_raj,harvard_chetty_raj_published_052,Is the United States Still a Land of Opportunity? Recent Trends in Intergenerational Mobility,American Economic Review Papers and Proceedings,2014,published,https://rajchetty.com/CV.pdf,"""Is the United States Still a Land of Opportunity?..."" (with Nathaniel Hendren, Patrick Kline, Emmanuel Saez, and Nicholas Turner), AER P&P 104(5): 141–147, 2014"
harvard_chetty_raj,harvard_chetty_raj_published_053,Social Insurance: Connecting Theory to Data,Handbook of Public Economics Volume 5,2013,published,https://rajchetty.com/CV.pdf,"""Social Insurance: Connecting Theory to Data"" (with Amy Finkelstein), in Handbook of Public Economics Volume 5, Elsevier, 111-193, 2013"
harvard_chetty_raj,harvard_chetty_raj_published_054,Does Indivisible Labor Explain the Difference between Micro and Macro Elasticities? A Meta-Analysis of Extensive Margin Elasticities,NBER Macroeconomics Annual 2012,2013,published,https://rajchetty.com/CV.pdf,"""Does Indivisible Labor Explain the Difference..."" (with Adam Guren, Day Manoli, and Andrea Weber), in NBER Macroeconomics Annual 2012, 1-56, 2013"
harvard_chetty_raj,harvard_chetty_raj_published_055,Are Micro and Macro Labor Supply Elasticities Consistent? A Review of Evidence on the Intensive and Extensive Margins,American Economic Review Papers and Proceedings,2011,published,https://rajchetty.com/CV.pdf,"""Are Micro and Macro Labor Supply Elasticities Consistent?..."" (with Adam Guren, Day Manoli, and Andrea Weber), AER P&P 101: 471-75, 2011"
harvard_chetty_raj,harvard_chetty_raj_published_056,Expanding Access to Administrative Data for Research in the United States,NSF SBE 2020 White Paper,2010,published,https://rajchetty.com/CV.pdf,"""Expanding Access to Administrative Data..."" (with David Card, Martin Feldstein, and Emmanuel Saez), NSF SBE 2020 White Paper, September 2010"
harvard_chetty_raj,harvard_chetty_raj_published_057,Sufficient Statistics for Welfare Analysis: A Bridge Between Structural and Reduced-Form Methods,Annual Review of Economics,2009,published,https://rajchetty.com/CV.pdf,"""Sufficient Statistics for Welfare Analysis...,"" Annual Review of Economics 1: 451-488, 2009"
harvard_chetty_raj,harvard_chetty_raj_published_058,The Spike at Benefit Exhaustion: Leaving the Unemployment System or Starting a New Job?,American Economic Review Papers and Proceedings,2007,published,https://rajchetty.com/CV.pdf,"""The Spike at Benefit Exhaustion..."" (with David Card and Andrea Weber), AER P&P 97: 113-118, 2007"
harvard_chetty_raj,harvard_chetty_raj_published_059,The Effects of Taxes on Market Responses to Dividend Announcements and Payments: What Can We Learn from the 2003 Dividend Tax Cut?,Taxing Corporate Income in the 21st Century,2007,published,https://rajchetty.com/CV.pdf,"""The Effects of Taxes on Market Responses to Dividend Announcements..."" (with Joseph Rosenberg and Emmanuel Saez), in Taxing Corporate Income in the 21st Century, Cambridge, 1-33, 2007"
harvard_chetty_raj,harvard_chetty_raj_published_060,Income Risk and the Benefits of Social Insurance: Evidence from Indonesia and the United States,Fiscal Policy and Management in East Asia: NBER East Asia Seminar on Economics 16,2007,published,https://rajchetty.com/CV.pdf,"""Income Risk and the Benefits of Social Insurance..."" (with Adam Looney), in Fiscal Policy and Management in East Asia, 99-121, 2007"
harvard_chetty_raj,harvard_chetty_raj_published_061,The Effects of the 2003 Dividend Tax Cut on Corporate Behavior: Interpreting the Evidence,American Economic Review Papers and Proceedings,2006,published,https://rajchetty.com/CV.pdf,"""The Effects of the 2003 Dividend Tax Cut on Corporate Behavior..."" (with Emmanuel Saez), AER P&P 96:124-129, 2006"
harvard_chetty_raj,harvard_chetty_raj_working_001,The Experimental Selection Correction Estimator: Using Experiments to Remove Biases in Observational Estimates,,,working,https://rajchetty.com/CV.pdf,"""The Experimental Selection Correction Estimator..."" (with Susan Athey and Guido Imbens), revise and resubmit, JPE"
harvard_chetty_raj,harvard_chetty_raj_working_002,Creating High-Opportunity Neighborhoods: Evidence from the Hope VI Program,,,working,https://rajchetty.com/CV.pdf,"""Creating High-Opportunity Neighborhoods..."" (with Rebecca Diamond, Lawrence Katz, Sonya Porter, Matthew Staiger, and Laura Tach)"
harvard_chetty_raj,harvard_chetty_raj_working_003,Creating New Businesses in America: The Determinants of and Returns to Entrepreneurship,,,working,https://rajchetty.com/CV.pdf,"""Creating New Businesses in America..."" (with Gaia Dossi, John van Reenen, Owen Zidar, and Eric Zwick)"
harvard_chetty_raj,harvard_chetty_raj_working_004,"Growing Class Gaps, Shrinking Race Gaps: Trends in Life Expectancy in the United States, 2001-2024",,,working,https://rajchetty.com/CV.pdf,"""Growing Class Gaps, Shrinking Race Gaps..."" (with Janet Currie, John Friedman, Ines Guix, Nathaniel Hendren, Hannes Schwandt, Michael Stepner, et al.)"
harvard_chetty_raj,harvard_chetty_raj_working_005,How Should Policy Makers Weigh Experimental Evidence? Communicating Decision-Relevant Summaries of Treatment Effect Heterogeneity,,,working,https://rajchetty.com/CV.pdf,"""How Should Policy Makers Weigh Experimental Evidence?..."" (with Isaiah Andrews, Yechan Park, and Bas Sanders)"
harvard_chetty_raj,harvard_chetty_raj_working_006,The Causal Effects of Peer Exposure vs. Interaction on Economic Mobility,,,working,https://rajchetty.com/CV.pdf,"""The Causal Effects of Peer Exposure vs. Interaction on Economic Mobility"" (with Matthew Jackson, Drew Johnston, Theresa Kuchler, Johannes Stroebel, and Mike Bailey)"
harvard_chetty_raj,harvard_chetty_raj_working_007,Matching Estimators in the Age of Big Data: New Evidence on the Impacts of Workforce Training Programs,,,working,https://rajchetty.com/CV.pdf,"""Matching Estimators in the Age of Big Data..."" (with Jamie Fogel, Lawrence Katz, Kadeem Noray, Sonya Porter, and James Reisinger)"
harvard_chetty_raj,harvard_chetty_raj_working_008,A Theory of Social Capital Formation and Economic Mobility,,,working,https://rajchetty.com/CV.pdf,"""A Theory of Social Capital Formation and Economic Mobility"" (with Matthew Jackson)"
harvard_chetty_raj,harvard_chetty_raj_working_009,Equality of Opportunity vs. Equality of Outcomes: A Theory of Optimal Predistribution,,,working,https://rajchetty.com/CV.pdf,"""Equality of Opportunity vs. Equality of Outcomes..."" (with Henrik Kleven, Damian Vergara, and Danny Yagan)"
harvard_chetty_raj,harvard_chetty_raj_working_010,Social Recognition and Firm Tax Compliance: Evidence from a Field Experiment in Bangladesh,,,working,https://rajchetty.com/CV.pdf,"""Social Recognition and Firm Tax Compliance..."" (with Nasiruddin Ahmed, Mushfiq Mobarak, and Monica Singhal)"
harvard_chetty_raj,harvard_chetty_raj_working_011,The Simple Economics of Salience and Taxation,,2009,working,https://rajchetty.com/CV.pdf,"""The Simple Economics of Salience and Taxation,"" NBER Working Paper No. 15246, 2009"
harvard_chetty_raj,harvard_chetty_raj_working_012,"Consumption Commitments, Unemployment Durations, and Local Risk Aversion",,2003,working,https://rajchetty.com/CV.pdf,"""Consumption Commitments, Unemployment Durations, and Local Risk Aversion,"" NBER Working Paper No. 10211, 2003"
harvard_chetty_raj,harvard_chetty_raj_working_013,Countercyclical Policies and Economic Stability,,2001,working,https://rajchetty.com/CV.pdf,"""Countercyclical Policies and Economic Stability,"" 2001"
harvard_dell_melissa,harvard_dell_melissa_published_001,Contrastive Entity Coreference and Disambiguation for Historical Texts,Empirical Methods in Natural Language Processing,,published,https://dell.scholars.harvard.edu/sites/g/files/omnuum7696/files/dell_cv_sept2024_1.pdf,"Arora, Silcock, Heldring, Dell. ""Contrastive Entity Coreference and Disambiguation for Historical Texts."" EMNLP, forthcoming."
harvard_dell_melissa,harvard_dell_melissa_published_002,Deep Learning for Economists,Journal of Economic Literature,,published,https://dell.scholars.harvard.edu/sites/g/files/omnuum7696/files/dell_cv_sept2024_1.pdf,"Melissa Dell. ""Deep Learning for Economists."" Journal of Economic Literature, forthcoming."
harvard_dell_melissa,harvard_dell_melissa_published_003,Data Contamination Report from the 2024 CONDA Shared Task,"The 1st Workshop on Data Contamination, ACL",,published,https://dell.scholars.harvard.edu/sites/g/files/omnuum7696/files/dell_cv_sept2024_1.pdf,"Sainz, García-Ferrero, Jacovi, Campos, Elazar, Agirre, Goldberg, Silcock, D'Amico-Wong, Dell, et al. ""Data Contamination Report from the 2024 CONDA Shared Task."" ACL, forthcoming."
harvard_dell_melissa,harvard_dell_melissa_published_004,News Deja Vu: Connecting Past and Present with Semantic Search,NACCL NLP and Computational Social Science Workshop,2024,published,https://dell.scholars.harvard.edu/sites/g/files/omnuum7696/files/dell_cv_sept2024_1.pdf,"Franklin, Silcock, Arora, Bryan, Dell. ""News Deja Vu: Connecting Past and Present with Semantic Search."" NACCL NLP and CSS Workshop, 2024."
harvard_dell_melissa,harvard_dell_melissa_published_005,"EfficientOCR: An Extensible, Open-Source Package for Efficiently Digitizing World Knowledge",EMNLP (Systems Demonstrations Track),2024,published,https://dell.scholars.harvard.edu/sites/g/files/omnuum7696/files/dell_cv_sept2024_1.pdf,"Bryan, Carlson, Arora, Dell. ""EfficientOCR: An Extensible, Open-Source Package for Efficiently Digitizing World Knowledge."" EMNLP (Systems Demo), 2024."
harvard_dell_melissa,harvard_dell_melissa_published_006,Efficient OCR for Building a Diverse Digital History,ACL,2024,published,https://dell.scholars.harvard.edu/sites/g/files/omnuum7696/files/dell_cv_sept2024_1.pdf,"Carlson, Bryan, Dell. ""Efficient OCR for Building a Diverse Digital History."" ACL 2024."
harvard_dell_melissa,harvard_dell_melissa_published_007,Quantifying Character Similarity with Vision Transformers,Empirical Methods on Natural Language Processing,2023,published,https://dell.scholars.harvard.edu/sites/g/files/omnuum7696/files/dell_cv_sept2024_1.pdf,"Yang, Arora, Jheng, Dell. ""Quantifying Character Similarity with Vision Transformers."" EMNLP, 2023."
harvard_dell_melissa,harvard_dell_melissa_published_008,LinkTransformer: A Unified Package for Record Linkage with Transformer Language Models,ACL (Systems Demonstration Track),2023,published,https://dell.scholars.harvard.edu/sites/g/files/omnuum7696/files/dell_cv_sept2024_1.pdf,"Arora, Dell. ""LinkTransformer: A Unified Package for Record Linkage with Transformer Language Models."" ACL (Systems Demo) 2023."
harvard_dell_melissa,harvard_dell_melissa_published_009,A Massive Scale Semantic Similarity Dataset of Historical English,NeurIPS (Benchmarks and Datasets Track),2023,published,https://dell.scholars.harvard.edu/sites/g/files/omnuum7696/files/dell_cv_sept2024_1.pdf,"Silcock, Dell. ""A Massive Scale Semantic Similarity Dataset of Historical English."" NeurIPS (Benchmarks and Datasets Track) (2023)."
harvard_dell_melissa,harvard_dell_melissa_published_010,American Stories: A Large-Scale Structured Text Dataset of Historical U.S. Newspapers,NeurIPS (Benchmarks and Datasets Track),2023,published,https://dell.scholars.harvard.edu/sites/g/files/omnuum7696/files/dell_cv_sept2024_1.pdf,"Dell, Carlson, Bryan, Silcock, Arora, Shen, D'Amico-Wong, Le, Querubin, Heldring. ""American Stories..."" NeurIPS (Benchmarks and Datasets Track), 2023."
harvard_dell_melissa,harvard_dell_melissa_published_011,Noise-Robust De-Duplication at Scale,International Conference on Learning Representations,2023,published,https://dell.scholars.harvard.edu/sites/g/files/omnuum7696/files/dell_cv_sept2024_1.pdf,"Silcock, D'Amico-Wong, Yang, Dell. ""Noise-Robust De-Duplication at Scale."" ICLR, vol. 332 (2023)."
harvard_dell_melissa,harvard_dell_melissa_published_012,OLALA: Object-Level Active Learning Based Layout Annotation,EMNLP Computational Social Science Workshop,2023,published,https://dell.scholars.harvard.edu/sites/g/files/omnuum7696/files/dell_cv_sept2024_1.pdf,"Shen, Zhao, Yu, Li, Dell. ""OLALA: Object-Level Active Learning Based Layout Annotation."" EMNLP CSS Workshop (2023)."
harvard_dell_melissa,harvard_dell_melissa_published_013,LayoutParser: A Unified Toolkit for Deep Learning Based Document Image Analysis,International Conference on Document Analysis and Recognition,2021,published,https://dell.scholars.harvard.edu/sites/g/files/omnuum7696/files/dell_cv_sept2024_1.pdf,"Shen, Zhang, Dell, Lee, Carlson, Li. ""LayoutParser: A Unified Toolkit for Deep Learning Based Document Image Analysis."" ICDAR (2021), 131-146."
harvard_dell_melissa,harvard_dell_melissa_published_014,A Large Dataset of Historical Japanese Documents with Complex Layouts,IEEE/CVF Conference on Computer Vision and Pattern Recognition Workshops,2020,published,https://dell.scholars.harvard.edu/sites/g/files/omnuum7696/files/dell_cv_sept2024_1.pdf,"Shen, Zhang, Dell. ""A Large Dataset of Historical Japanese Documents with Complex Layouts."" IEEE/CVF CVPR Workshops (2020): 548-559."
harvard_dell_melissa,harvard_dell_melissa_published_015,The Development Effects of the Extractive Colonial Economy: The Dutch Cultivation System in Java,Review of Economic Studies,2020,published,https://dell.scholars.harvard.edu/sites/g/files/omnuum7696/files/dell_cv_sept2024_1.pdf,"Dell, Olken. ""The Development Effects of the Extractive Colonial Economy: The Dutch Cultivation System in Java."" RES 87(1) (2020): 164-203."
harvard_dell_melissa,harvard_dell_melissa_published_016,Information Extraction from Text Regions with Complex Tabular Structure,NeurIPS Document Intelligence Workshop,2019,published,https://dell.scholars.harvard.edu/sites/g/files/omnuum7696/files/dell_cv_sept2024_1.pdf,"Zhang, Shen, Zhou, Dell. ""Information Extraction from Text Regions with Complex Tabular Structure."" NeurIPS Document Intelligence Workshop (2019)."
harvard_dell_melissa,harvard_dell_melissa_published_017,The Violent Consequences of Trade-Induced Worker Displacement in Mexico,American Economic Review: Insights,2019,published,https://dell.scholars.harvard.edu/sites/g/files/omnuum7696/files/dell_cv_sept2024_1.pdf,"Dell, Feigenberg, Teshima. ""The Violent Consequences of Trade-Induced Worker Displacement in Mexico."" AER: Insights 1(1) (2019): 43-58."
harvard_dell_melissa,harvard_dell_melissa_published_018,Nation Building Through Foreign Intervention: Evidence from Discontinuities in Military Strategies,Quarterly Journal of Economics,2018,published,https://dell.scholars.harvard.edu/sites/g/files/omnuum7696/files/dell_cv_sept2024_1.pdf,"Dell, Querubin. ""Nation Building Through Foreign Intervention..."" QJE 133(2) (2018): 701-764."
harvard_dell_melissa,harvard_dell_melissa_published_019,"The Historical State, Local Collective Action, and Economic Development in Vietnam",Econometrica,2018,published,https://dell.scholars.harvard.edu/sites/g/files/omnuum7696/files/dell_cv_sept2024_1.pdf,"Dell, Lane, Querubin. ""The Historical State, Local Collective Action, and Economic Development in Vietnam."" Econometrica 86(6) (2018): 2083-2121."
harvard_dell_melissa,harvard_dell_melissa_published_020,Trafficking Networks and the Mexican Drug War,American Economic Review,2015,published,https://dell.scholars.harvard.edu/sites/g/files/omnuum7696/files/dell_cv_sept2024_1.pdf,"Dell. ""Trafficking Networks and the Mexican Drug War."" AER 105(6) (2015): 1738-1779."
harvard_dell_melissa,harvard_dell_melissa_published_021,What Do We Learn from the Weather? The New Climate-Economy Literature,Journal of Economic Literature,2014,published,https://dell.scholars.harvard.edu/sites/g/files/omnuum7696/files/dell_cv_sept2024_1.pdf,"Dell, Jones, Olken. ""What Do We Learn from the Weather?..."" Journal of Economic Literature (2014)."
harvard_dell_melissa,harvard_dell_melissa_published_022,Temperature Shocks and Economic Growth: Evidence from the Last Half Century,American Economic Journal: Macroeconomics,2012,published,https://dell.scholars.harvard.edu/sites/g/files/omnuum7696/files/dell_cv_sept2024_1.pdf,"Dell, Jones, Olken. ""Temperature Shocks and Economic Growth..."" AEJ: Macroeconomics 4(3) (2012): 66-95."
harvard_dell_melissa,harvard_dell_melissa_published_023,Productivity Differences Between and Within Countries,American Economic Journal: Macroeconomics,2010,published,https://dell.scholars.harvard.edu/sites/g/files/omnuum7696/files/dell_cv_sept2024_1.pdf,"Dell, Acemoglu. ""Productivity Differences Between and Within Countries."" AEJ: Macroeconomics 2(1) (2010): 169–188."
harvard_dell_melissa,harvard_dell_melissa_published_024,The Persistent Effects of Peru's Mining Mita,Econometrica,2010,published,https://dell.scholars.harvard.edu/sites/g/files/omnuum7696/files/dell_cv_sept2024_1.pdf,"Dell. ""The Persistent Effects of Peru's Mining Mita."" Econometrica 78(6) (2010): 1863-1903."
harvard_dell_melissa,harvard_dell_melissa_published_025,Temperature and Income: Reconciling New Cross-Sectional and Panel Estimates,American Economic Review Papers and Proceedings,2009,published,https://dell.scholars.harvard.edu/sites/g/files/omnuum7696/files/dell_cv_sept2024_1.pdf,"Dell, Jones, Olken. ""Temperature and Income..."" AER P&P 99(2) (2009): 198-204."
harvard_dell_melissa,harvard_dell_melissa_working_001,Newswire: A Large-Scale Structured Database of a Century of Historical News,,,working,https://dell.scholars.harvard.edu/sites/g/files/omnuum7696/files/dell_cv_sept2024_1.pdf,"Silcock, Arora, D'Amico-Wong, Dell. ""Newswire: A Large-Scale Structured Database of a Century of Historical News."""
harvard_dell_melissa,harvard_dell_melissa_working_002,Linking Representations with Multimodal Contrastive Learning,,,working,https://dell.scholars.harvard.edu/sites/g/files/omnuum7696/files/dell_cv_sept2024_1.pdf,"Arora, Yang, Jheng, Dell. ""Linking Representations with Multimodal Contrastive Learning."""
harvard_dell_melissa,harvard_dell_melissa_working_003,Path Dependence in Development: Evidence from the Mexican Revolution,,,working,https://dell.scholars.harvard.edu/sites/g/files/omnuum7696/files/dell_cv_sept2024_1.pdf,"Dell. ""Path Dependence in Development: Evidence from the Mexican Revolution,"" Working Paper."
harvard_campbell_john_y,harvard_campbell_john_y_published_001,Household Finance in Retrospect and Prospect,Journal of Finance: Insights and Perspectives,2026,published,https://campbell.scholars.harvard.edu/sites/g/files/omnuum5881/files/2026-01/campcv-2.pdf,"""Household Finance in Retrospect and Prospect"", with Tarun Ramadorai, forthcoming Journal of Finance: Insights and Perspectives, 2026."
harvard_campbell_john_y,harvard_campbell_john_y_published_002,The Cross-Section of Household Preferences,Journal of Finance,2026,published,https://campbell.scholars.harvard.edu/sites/g/files/omnuum5881/files/2026-01/campcv-2.pdf,"""The Cross-Section of Household Preferences"", with Laurent Calvet, Francisco Gomes, and Paolo Sodini, forthcoming Journal of Finance, 2026."
harvard_campbell_john_y,harvard_campbell_john_y_published_003,Economic Budgeting for Endowment-Dependent Universities,Financing Institutions of Higher Education (University of Chicago Press),2026,published,https://campbell.scholars.harvard.edu/sites/g/files/omnuum5881/files/2026-01/campcv-2.pdf,"""Economic Budgeting for Endowment-Dependent Universities"", with Jeremy Stein and Alex Wu, in John Campbell and Kaye Husbands Fealing eds. Financing Institutions of Higher Education, University of Chicago Press: Chicago, IL, 2026."
harvard_campbell_john_y,harvard_campbell_john_y_published_004,Sustainability in a Risky World,American Economic Review: Insights,2025,published,https://campbell.scholars.harvard.edu/sites/g/files/omnuum5881/files/2026-01/campcv-2.pdf,"""Sustainability in a Risky World"", with Ian Martin, American Economic Review: Insights 7:196-212, June 2025."
harvard_campbell_john_y,harvard_campbell_john_y_published_005,Idiosyncratic Equity Volatility Two Decades Later,Critical Finance Review,2023,published,https://campbell.scholars.harvard.edu/sites/g/files/omnuum5881/files/2026-01/campcv-2.pdf,"""Idiosyncratic Equity Volatility Two Decades Later"", with Martin Lettau, Burton Malkiel, and Yexiao Xu, Critical Finance Review 12:203-223, 2023."
harvard_campbell_john_y,harvard_campbell_john_y_published_006,Who Owns What? A Factor Model for Direct Stock Holding,Journal of Finance,2023,published,https://campbell.scholars.harvard.edu/sites/g/files/omnuum5881/files/2026-01/campcv-2.pdf,"""Who Owns What? A Factor Model for Direct Stock Holding"", with Vimal Balasubramaniam, Tarun Ramadorai, and Ben Ranish, Journal of Finance 78:1545-1591, June 2023."
harvard_campbell_john_y,harvard_campbell_john_y_published_007,Portfolio Choice with Sustainable Spending: A Model of Reaching for Yield,Journal of Financial Economics,2022,published,https://campbell.scholars.harvard.edu/sites/g/files/omnuum5881/files/2026-01/campcv-2.pdf,"""Portfolio Choice with Sustainable Spending: A Model of Reaching for Yield"", with Roman Sigalov, Journal of Financial Economics 143:188-206, January 2022."
harvard_campbell_john_y,harvard_campbell_john_y_published_008,Structuring Mortgages for Macroeconomic Stability,Journal of Finance,2021,published,https://campbell.scholars.harvard.edu/sites/g/files/omnuum5881/files/2026-01/campcv-2.pdf,"""Structuring Mortgages for Macroeconomic Stability"", with Nuno Clara and Joao Cocco, Journal of Finance 76:2525-2576, October 2021."
harvard_campbell_john_y,harvard_campbell_john_y_published_009,Sources of Inaction in Household Finance: Evidence from the Danish Mortgage Market,American Economic Review,2020,published,https://campbell.scholars.harvard.edu/sites/g/files/omnuum5881/files/2026-01/campcv-2.pdf,"""Sources of Inaction in Household Finance: Evidence from the Danish Mortgage Market"", with Steffen Andersen, Kasper Meisner Nielsen, and Tarun Ramadorai, American Economic Review 110:3184-3230, October 2020."
harvard_campbell_john_y,harvard_campbell_john_y_published_010,Macroeconomic Drivers of Bond and Equity Risks,Journal of Political Economy,2020,published,https://campbell.scholars.harvard.edu/sites/g/files/omnuum5881/files/2026-01/campcv-2.pdf,"""Macroeconomic Drivers of Bond and Equity Risks"", with Carolin Pflueger and Luis M. Viceira, Journal of Political Economy 128:3148-3185, August 2020."
harvard_campbell_john_y,harvard_campbell_john_y_published_011,Do the Rich Get Richer in the Stock Market? Evidence from India,American Economic Review: Insights,2019,published,https://campbell.scholars.harvard.edu/sites/g/files/omnuum5881/files/2026-01/campcv-2.pdf,"""Do the Rich Get Richer in the Stock Market?  Evidence from India"", with Tarun Ramadorai and Ben Ranish, American Economic Review: Insights 1:225-240, September 2019."
harvard_campbell_john_y,harvard_campbell_john_y_published_012,What Calls to ARMs? International Evidence on Interest Rates and the Choice of Adjustable Rate Mortgages,Management Science,2018,published,https://campbell.scholars.harvard.edu/sites/g/files/omnuum5881/files/2026-01/campcv-2.pdf,"""What Calls to ARMs?  International Evidence on Interest Rates and the Choice of Adjustable Rate Mortgages"", with Cristian Badarinza and Tarun Ramadorai, Management Science 64:2275-2288, May 2018."
harvard_campbell_john_y,harvard_campbell_john_y_published_013,An Intertemporal CAPM with Stochastic Volatility,Journal of Financial Economics,2018,published,https://campbell.scholars.harvard.edu/sites/g/files/omnuum5881/files/2026-01/campcv-2.pdf,"""An Intertemporal CAPM with Stochastic Volatility"", with Stefano Giglio, Christopher Polk, and Robert Turley, Journal of Financial Economics 128:207-233, May 2018."
harvard_campbell_john_y,harvard_campbell_john_y_published_014,Inflation Bets or Deflation Hedges? The Changing Risks of Nominal Bonds,Critical Finance Review,2017,published,https://campbell.scholars.harvard.edu/sites/g/files/omnuum5881/files/2026-01/campcv-2.pdf,"""Inflation Bets or Deflation Hedges?  The Changing Risks of Nominal Bonds"", with Adi Sunderam and Luis Viceira, Critical Finance Review 6:263-301, 2017."
harvard_campbell_john_y,harvard_campbell_john_y_published_015,International Comparative Household Finance,Annual Review of Economics,2016,published,https://campbell.scholars.harvard.edu/sites/g/files/omnuum5881/files/2026-01/campcv-2.pdf,"""International Comparative Household Finance"", with Cristian Badarinza and Tarun Ramadorai, Annual Review of Economics 8:111-144, 2016."
harvard_campbell_john_y,harvard_campbell_john_y_published_016,Restoring Rational Choice: The Challenge of Consumer Financial Regulation,American Economic Review: Papers and Proceedings,2016,published,https://campbell.scholars.harvard.edu/sites/g/files/omnuum5881/files/2026-01/campcv-2.pdf,"""Restoring Rational Choice: The Challenge of Consumer Financial Regulation"", Ely Lecture, American Economic Review: Papers and Proceedings 106(5):1-30, 2016."
harvard_campbell_john_y,harvard_campbell_john_y_published_017,The Impact of Regulation on Mortgage Risk: Evidence from India,American Economic Journal: Economic Policy,2015,published,https://campbell.scholars.harvard.edu/sites/g/files/omnuum5881/files/2026-01/campcv-2.pdf,"""The Impact of Regulation on Mortgage Risk: Evidence from India"", with Tarun Ramadorai and Benjamin Ranish, American Economic Journal: Economic Policy 7(4):71-102, November 2015."
harvard_campbell_john_y,harvard_campbell_john_y_published_018,The Fragile Benefits of Endowment Destruction,Journal of Political Economy,2015,published,https://campbell.scholars.harvard.edu/sites/g/files/omnuum5881/files/2026-01/campcv-2.pdf,"""The Fragile Benefits of Endowment Destruction"", with John Cochrane, response to Lars Ljungqvist and Harald Uhlig, ""Comment on the Campbell-Cochrane Habit Model"", Journal of Political Economy 123:1214-1226, October 2015."
harvard_campbell_john_y,harvard_campbell_john_y_published_019,A Model of Mortgage Default,Journal of Finance,2015,published,https://campbell.scholars.harvard.edu/sites/g/files/omnuum5881/files/2026-01/campcv-2.pdf,"""A Model of Mortgage Default"", with Joao Cocco, Journal of Finance 70:1495-1554, August 2015."
harvard_campbell_john_y,harvard_campbell_john_y_published_020,"Empirical Asset Pricing: Eugene Fama, Lars Peter Hansen, and Robert Shiller",Scandinavian Journal of Economics,2014,published,https://campbell.scholars.harvard.edu/sites/g/files/omnuum5881/files/2026-01/campcv-2.pdf,"""Empirical Asset Pricing: Eugene Fama, Lars Peter Hansen, and Robert Shiller"", Scandinavian Journal of Economics 116:593-634, July 2014."
harvard_campbell_john_y,harvard_campbell_john_y_published_021,Hard Times,Review of Asset Pricing Studies,2013,published,https://campbell.scholars.harvard.edu/sites/g/files/omnuum5881/files/2026-01/campcv-2.pdf,"""Hard Times"", with Stefano Giglio and Christopher Polk, Review of Asset Pricing Studies 3:95-132, June 2013."
harvard_campbell_john_y,harvard_campbell_john_y_published_022,Mortgage Market Design,Review of Finance,2013,published,https://campbell.scholars.harvard.edu/sites/g/files/omnuum5881/files/2026-01/campcv-2.pdf,"""Mortgage Market Design"", Review of Finance 17:1-33, January 2013."
harvard_campbell_john_y,harvard_campbell_john_y_published_023,The Long-Run Risks Model and Aggregate Asset Prices: An Empirical Assessment,Critical Finance Review,2012,published,https://campbell.scholars.harvard.edu/sites/g/files/omnuum5881/files/2026-01/campcv-2.pdf,"""The Long-Run Risks Model and Aggregate Asset Prices: An Empirical Assessment"", with Jason Beeler, Critical Finance Review 1:141-182, January 2012."
harvard_campbell_john_y,harvard_campbell_john_y_published_024,Forced Sales and House Prices,American Economic Review,2011,published,https://campbell.scholars.harvard.edu/sites/g/files/omnuum5881/files/2026-01/campcv-2.pdf,"""Forced Sales and House Prices"", with Stefano Giglio and Parag Pathak, American Economic Review 101:2108-2131, August 2011."
harvard_campbell_john_y,harvard_campbell_john_y_published_025,Predicting Financial Distress and the Performance of Distressed Stocks,Journal of Investment Management,2011,published,https://campbell.scholars.harvard.edu/sites/g/files/omnuum5881/files/2026-01/campcv-2.pdf,"""Predicting Financial Distress and the Performance of Distressed Stocks"", with Jens Hilscher and Jan Szilagyi, Journal of Investment Management 9(2):1-21, First Quarter 2011."
harvard_campbell_john_y,harvard_campbell_john_y_published_026,Consumer Financial Protection,Journal of Economic Perspectives,2011,published,https://campbell.scholars.harvard.edu/sites/g/files/omnuum5881/files/2026-01/campcv-2.pdf,"""Consumer Financial Protection"", with Howell Jackson, Brigitte Madrian, and Peter Tufano, Journal of Economic Perspectives 25(1):91-114, Winter 2011."
harvard_campbell_john_y,harvard_campbell_john_y_published_027,Global Currency Hedging,Journal of Finance,2010,published,https://campbell.scholars.harvard.edu/sites/g/files/omnuum5881/files/2026-01/campcv-2.pdf,"""Global Currency Hedging"", with Karine Serfaty-de Medeiros and Luis Viceira, Journal of Finance 65:87-121, February 2010."
harvard_campbell_john_y,harvard_campbell_john_y_published_028,Growth or Glamour? Fundamentals and Systematic Risk in Stock Returns,Review of Financial Studies,2010,published,https://campbell.scholars.harvard.edu/sites/g/files/omnuum5881/files/2026-01/campcv-2.pdf,"""Growth or Glamour?  Fundamentals and Systematic Risk in Stock Returns"", with Christopher Polk and Tuomo Vuolteenaho, Review of Financial Studies 23:305-344, January 2010."
harvard_campbell_john_y,harvard_campbell_john_y_published_029,The Changing Role of Nominal Government Bonds in Asset Allocation,Geneva Risk and Insurance Review,2009,published,https://campbell.scholars.harvard.edu/sites/g/files/omnuum5881/files/2026-01/campcv-2.pdf,"""The Changing Role of Nominal Government Bonds in Asset Allocation"", Geneva Lecture, Geneva Risk and Insurance Review 34:89-104, December 2009."
harvard_campbell_john_y,harvard_campbell_john_y_published_030,Understanding Inflation-Indexed Bond Markets,Brookings Papers on Economic Activity,2009,published,https://campbell.scholars.harvard.edu/sites/g/files/omnuum5881/files/2026-01/campcv-2.pdf,"""Understanding Inflation-Indexed Bond Markets"", with Robert Shiller and Luis Viceira, Brookings Papers on Economic Activity 79-120, Spring 2009."
harvard_campbell_john_y,harvard_campbell_john_y_published_031,Measuring the Financial Sophistication of Households,American Economic Review Papers and Proceedings,2009,published,https://campbell.scholars.harvard.edu/sites/g/files/omnuum5881/files/2026-01/campcv-2.pdf,"""Measuring the Financial Sophistication of Households"", with Laurent Calvet and Paolo Sodini, American Economic Review Papers and Proceedings 99:393-398, May 2009."
harvard_campbell_john_y,harvard_campbell_john_y_published_032,"Caught on Tape: Institutional Trading, Stock Returns, and Earnings Announcements",Journal of Financial Economics,2009,published,https://campbell.scholars.harvard.edu/sites/g/files/omnuum5881/files/2026-01/campcv-2.pdf,"""Caught on Tape: Institutional Trading, Stock Returns, and Earnings Announcements"", with Tarun Ramadorai and Allie Schwartz, Journal of Financial Economics 92:66-91, April 2009."
harvard_campbell_john_y,harvard_campbell_john_y_published_033,Fight or Flight? Portfolio Rebalancing by Individual Investors,Quarterly Journal of Economics,2009,published,https://campbell.scholars.harvard.edu/sites/g/files/omnuum5881/files/2026-01/campcv-2.pdf,"""Fight or Flight?  Portfolio Rebalancing by Individual Investors"", with Laurent Calvet and Paolo Sodini, Quarterly Journal of Economics 124:301-348, February 2009."
harvard_campbell_john_y,harvard_campbell_john_y_published_034,In Search of Distress Risk,Journal of Finance,2008,published,https://campbell.scholars.harvard.edu/sites/g/files/omnuum5881/files/2026-01/campcv-2.pdf,"""In Search of Distress Risk"", with Jens Hilscher and Jan Szilagyi, Journal of Finance 63:2899-2939, December 2008."
harvard_campbell_john_y,harvard_campbell_john_y_published_035,Predicting Excess Stock Returns Out of Sample: Can Anything Beat the Historical Average?,Review of Financial Studies,2008,published,https://campbell.scholars.harvard.edu/sites/g/files/omnuum5881/files/2026-01/campcv-2.pdf,"""Predicting Excess Stock Returns Out of Sample: Can Anything Beat the Historical Average?"", with Samuel B. Thompson, Review of Financial Studies 21:1509-1531, July 2008."
harvard_campbell_john_y,harvard_campbell_john_y_published_036,Estimating the Equity Premium,Canadian Journal of Economics,2008,published,https://campbell.scholars.harvard.edu/sites/g/files/omnuum5881/files/2026-01/campcv-2.pdf,"""Estimating the Equity Premium"", Canadian Journal of Economics 41:1-21, February 2008."
harvard_campbell_john_y,harvard_campbell_john_y_published_037,Intergenerational Risksharing and Equilibrium Asset Prices,Journal of Monetary Economics,2007,published,https://campbell.scholars.harvard.edu/sites/g/files/omnuum5881/files/2026-01/campcv-2.pdf,"""Intergenerational Risksharing and Equilibrium Asset Prices"", with Yves Nosbusch, Journal of Monetary Economics 54:2251-2268, November 2007."
harvard_campbell_john_y,harvard_campbell_john_y_published_038,Down or Out: Assessing the Welfare Costs of Household Investment Mistakes,Journal of Political Economy,2007,published,https://campbell.scholars.harvard.edu/sites/g/files/omnuum5881/files/2026-01/campcv-2.pdf,"""Down or Out: Assessing the Welfare Costs of Household Investment Mistakes"", with Laurent Calvet and Paolo Sodini, Journal of Political Economy 115:707-747, October 2007."
harvard_campbell_john_y,harvard_campbell_john_y_published_039,How Do House Prices Affect Consumption? Evidence from Micro Data,Journal of Monetary Economics,2007,published,https://campbell.scholars.harvard.edu/sites/g/files/omnuum5881/files/2026-01/campcv-2.pdf,"""How Do House Prices Affect Consumption? Evidence from Micro Data"", with Joao Cocco, Journal of Monetary Economics 54:591-621, April 2007."
harvard_campbell_john_y,harvard_campbell_john_y_published_040,Household Finance,Journal of Finance,2006,published,https://campbell.scholars.harvard.edu/sites/g/files/omnuum5881/files/2026-01/campcv-2.pdf,"""Household Finance"", presidential address to the American Finance Association, Journal of Finance 61:1553-1604, August 2006."
harvard_campbell_john_y,harvard_campbell_john_y_published_041,Efficient Tests of Stock Return Predictability,Journal of Financial Economics,2006,published,https://campbell.scholars.harvard.edu/sites/g/files/omnuum5881/files/2026-01/campcv-2.pdf,"""Efficient Tests of Stock Return Predictability"", with Motohiro Yogo, Journal of Financial Economics 81:27-60, July 2006."
harvard_campbell_john_y,harvard_campbell_john_y_published_042,The Term Structure of the Risk-Return Tradeoff,Financial Analysts Journal,2005,published,https://campbell.scholars.harvard.edu/sites/g/files/omnuum5881/files/2026-01/campcv-2.pdf,"""The Term Structure of the Risk-Return Tradeoff"", with Luis Viceira, Financial Analysts Journal 61:34-44, January/February 2005."
harvard_campbell_john_y,harvard_campbell_john_y_published_043,"Bad Beta, Good Beta",American Economic Review,2004,published,https://campbell.scholars.harvard.edu/sites/g/files/omnuum5881/files/2026-01/campcv-2.pdf,"""Bad Beta, Good Beta"", with Tuomo Vuolteenaho, American Economic Review 94:1249-1275, December 2004."
harvard_campbell_john_y,harvard_campbell_john_y_published_044,Strategic Asset Allocation in a Continuous-Time VAR Model,Journal of Economic Dynamics and Control,2004,published,https://campbell.scholars.harvard.edu/sites/g/files/omnuum5881/files/2026-01/campcv-2.pdf,"""Strategic Asset Allocation in a Continuous-Time VAR Model"", with George Chacko, Jorge Rodriguez, and Luis M. Viceira, Journal of Economic Dynamics and Control 28:2195-2214, October 2004."
harvard_campbell_john_y,harvard_campbell_john_y_published_045,Inflation Illusion and Stock Prices,American Economic Review,2004,published,https://campbell.scholars.harvard.edu/sites/g/files/omnuum5881/files/2026-01/campcv-2.pdf,"""Inflation Illusion and Stock Prices"", with Tuomo Vuolteenaho, American Economic Review 94:19-23, Papers and Proceedings, May 2004."
harvard_campbell_john_y,harvard_campbell_john_y_published_046,Equity Volatility and Corporate Bond Yields,Journal of Finance,2003,published,https://campbell.scholars.harvard.edu/sites/g/files/omnuum5881/files/2026-01/campcv-2.pdf,"""Equity Volatility and Corporate Bond Yields"", with Glen B. Taksler, Journal of Finance 58:2321-2349, December 2003."
harvard_campbell_john_y,harvard_campbell_john_y_published_047,Household Risk Management and Optimal Mortgage Choice,Quarterly Journal of Economics,2003,published,https://campbell.scholars.harvard.edu/sites/g/files/omnuum5881/files/2026-01/campcv-2.pdf,"""Household Risk Management and Optimal Mortgage Choice"", with Joao F. Cocco, Quarterly Journal of Economics 118:1449-1494, November 2003."
harvard_campbell_john_y,harvard_campbell_john_y_published_048,Foreign Currency for Long-Term Investors,Economic Journal,2003,published,https://campbell.scholars.harvard.edu/sites/g/files/omnuum5881/files/2026-01/campcv-2.pdf,"""Foreign Currency for Long-Term Investors"", with Luis M. Viceira and Joshua S. White, the Frank Hahn Lecture to the Royal Economic Society, Economic Journal 113:C1-C25, March 2003."
harvard_campbell_john_y,harvard_campbell_john_y_published_049,A Multivariate Model of Strategic Asset Allocation,Journal of Financial Economics,2003,published,https://campbell.scholars.harvard.edu/sites/g/files/omnuum5881/files/2026-01/campcv-2.pdf,"""A Multivariate Model of Strategic Asset Allocation"", with Y. Lewis Chan and Luis M. Viceira, Journal of Financial Economics 67:41-80, January 2003."
harvard_campbell_john_y,harvard_campbell_john_y_published_050,Stock Market Mean Reversion and the Optimal Equity Allocation of a Long-Lived Investor,European Finance Review,2001,published,https://campbell.scholars.harvard.edu/sites/g/files/omnuum5881/files/2026-01/campcv-2.pdf,"""Stock Market Mean Reversion and the Optimal Equity Allocation of a Long-Lived Investor"", with Joao Cocco, Francisco Gomes, Pascal J. Maenhout, and Luis M. Viceira, European Finance Review 5:269-292, 2001."
harvard_campbell_john_y,harvard_campbell_john_y_published_051,Why Long Horizons? A Study of Power Against Persistent Alternatives,Journal of Empirical Finance,2001,published,https://campbell.scholars.harvard.edu/sites/g/files/omnuum5881/files/2026-01/campcv-2.pdf,"""Why Long Horizons?  A Study of Power Against Persistent Alternatives"", Journal of Empirical Finance 8:459-491, December 2001."
harvard_campbell_john_y,harvard_campbell_john_y_published_052,Elasticities of Substitution in Real Business Cycle Models with Home Production,"Journal of Money, Credit, and Banking",2001,published,https://campbell.scholars.harvard.edu/sites/g/files/omnuum5881/files/2026-01/campcv-2.pdf,"""Elasticities of Substitution in Real Business Cycle Models with Home Production"", with Sydney Ludvigson, Journal of Money, Credit, and Banking 33:847-875, November 2001."
harvard_campbell_john_y,harvard_campbell_john_y_published_053,Who Should Buy Long-Term Bonds?,American Economic Review,2001,published,https://campbell.scholars.harvard.edu/sites/g/files/omnuum5881/files/2026-01/campcv-2.pdf,"""Who Should Buy Long-Term Bonds?"", with Luis M. Viceira, American Economic Review 91:99-127, March 2001."
harvard_campbell_john_y,harvard_campbell_john_y_published_054,Have Individual Stocks Become More Volatile? An Empirical Exploration of Idiosyncratic Risk,Journal of Finance,2001,published,https://campbell.scholars.harvard.edu/sites/g/files/omnuum5881/files/2026-01/campcv-2.pdf,"""Have Individual Stocks Become More Volatile? An Empirical Exploration of Idiosyncratic Risk"", with Martin Lettau, Burton Malkiel, and Yexiao Xu, Journal of Finance 56:1-43, February 2001."
harvard_campbell_john_y,harvard_campbell_john_y_published_055,Explaining the Poor Performance of Consumption-Based Asset Pricing Models,Journal of Finance,2000,published,https://campbell.scholars.harvard.edu/sites/g/files/omnuum5881/files/2026-01/campcv-2.pdf,"""Explaining the Poor Performance of Consumption-Based Asset Pricing Models"", with John H. Cochrane, Journal of Finance 55:2863-2878, December 2000."
harvard_campbell_john_y,harvard_campbell_john_y_published_056,Asset Pricing at the Millennium,Journal of Finance,2000,published,https://campbell.scholars.harvard.edu/sites/g/files/omnuum5881/files/2026-01/campcv-2.pdf,"""Asset Pricing at the Millennium"", Journal of Finance 55:1515-1567, August 2000."
harvard_campbell_john_y,harvard_campbell_john_y_published_057,Consumption and Portfolio Decisions When Expected Returns are Time Varying,Quarterly Journal of Economics,1999,published,https://campbell.scholars.harvard.edu/sites/g/files/omnuum5881/files/2026-01/campcv-2.pdf,"""Consumption and Portfolio Decisions When Expected Returns are Time Varying"", with Luis M. Viceira, Quarterly Journal of Economics 114:433-495, May 1999."
harvard_campbell_john_y,harvard_campbell_john_y_published_058,By Force of Habit: A Consumption-Based Explanation of Aggregate Stock Market Behavior,Journal of Political Economy,1999,published,https://campbell.scholars.harvard.edu/sites/g/files/omnuum5881/files/2026-01/campcv-2.pdf,"""By Force of Habit: A Consumption-Based Explanation of Aggregate Stock Market Behavior"", with John H. Cochrane, Journal of Political Economy 107:205-251, April 1999."
harvard_campbell_john_y,harvard_campbell_john_y_published_059,Valuation Ratios and the Long-Run Stock Market Outlook,Journal of Portfolio Management,1998,published,https://campbell.scholars.harvard.edu/sites/g/files/omnuum5881/files/2026-01/campcv-2.pdf,"""Valuation Ratios and the Long-Run Stock Market Outlook"", with Robert J. Shiller, Journal of Portfolio Management 24(2):11-26, Winter 1998."
harvard_campbell_john_y,harvard_campbell_john_y_published_060,"Inflation, Real Interest Rates, and the Bond Market: A Study of UK Nominal and Index-Linked Government Bond Prices",Journal of Monetary Economics,1997,published,https://campbell.scholars.harvard.edu/sites/g/files/omnuum5881/files/2026-01/campcv-2.pdf,"""Inflation, Real Interest Rates, and the Bond Market: A Study of UK Nominal and Index-Linked Government Bond Prices"", with David G. Barr, Journal of Monetary Economics 39:361-383, August 1997."
harvard_campbell_john_y,harvard_campbell_john_y_published_061,A Comparison of Numerical and Analytical Approximate Solutions to an Intertemporal Consumption Choice Problem,Journal of Economic Dynamics and Control,1997,published,https://campbell.scholars.harvard.edu/sites/g/files/omnuum5881/files/2026-01/campcv-2.pdf,"""A Comparison of Numerical and Analytical Approximate Solutions to an Intertemporal Consumption Choice Problem"", with Hyeng Keun Koo, Journal of Economic Dynamics and Control 21:273-295, 1997."
harvard_campbell_john_y,harvard_campbell_john_y_published_062,Consumption and the Stock Market: Interpreting International Experience,Swedish Economic Policy Review,1996,published,https://campbell.scholars.harvard.edu/sites/g/files/omnuum5881/files/2026-01/campcv-2.pdf,"""Consumption and the Stock Market: Interpreting International Experience"", Swedish Economic Policy Review 3:251-299, Autumn 1996."
harvard_campbell_john_y,harvard_campbell_john_y_published_063,A Scorecard for Indexed Government Debt,NBER Macroeconomics Annual 1996,1996,published,https://campbell.scholars.harvard.edu/sites/g/files/omnuum5881/files/2026-01/campcv-2.pdf,"""A Scorecard for Indexed Government Debt"", with Robert J. Shiller, in Ben S. Bernanke and Julio Rotemberg eds. National Bureau of Economic Research Macroeconomics Annual 1996, MIT Press: Cambridge, MA, 155-197, 1996."
harvard_campbell_john_y,harvard_campbell_john_y_published_064,Understanding Risk and Return,Journal of Political Economy,1996,published,https://campbell.scholars.harvard.edu/sites/g/files/omnuum5881/files/2026-01/campcv-2.pdf,"""Understanding Risk and Return"", with Robert J. Shiller, Journal of Political Economy 104:298-345, April 1996."
harvard_campbell_john_y,harvard_campbell_john_y_published_065,Some Lessons from the Yield Curve,Journal of Economic Perspectives,1995,published,https://campbell.scholars.harvard.edu/sites/g/files/omnuum5881/files/2026-01/campcv-2.pdf,"""Some Lessons from the Yield Curve"", Journal of Economic Perspectives 9(3):129-152, Summer 1995."
harvard_campbell_john_y,harvard_campbell_john_y_published_066,Inspecting the Mechanism: An Analytical Approach to the Stochastic Growth Model,Journal of Monetary Economics,1994,published,https://campbell.scholars.harvard.edu/sites/g/files/omnuum5881/files/2026-01/campcv-2.pdf,"""Inspecting the Mechanism: An Analytical Approach to the Stochastic Growth Model"", Journal of Monetary Economics 33:463-506, June 1994."
harvard_campbell_john_y,harvard_campbell_john_y_published_067,Trading Volume and Serial Correlation in Stock Returns,Quarterly Journal of Economics,1993,published,https://campbell.scholars.harvard.edu/sites/g/files/omnuum5881/files/2026-01/campcv-2.pdf,"""Trading Volume and Serial Correlation in Stock Returns"", with Sanford J. Grossman and Jiang Wang, Quarterly Journal of Economics 108:905-939, November 1993."
harvard_campbell_john_y,harvard_campbell_john_y_published_068,Where Do Betas Come From? Asset Price Dynamics and the Sources of Systematic Risk,Review of Financial Studies,1993,published,https://campbell.scholars.harvard.edu/sites/g/files/omnuum5881/files/2026-01/campcv-2.pdf,"""Where Do Betas Come From? Asset Price Dynamics and the Sources of Systematic Risk"", with Jianping Mei, Review of Financial Studies 6:567-592, 1993."
harvard_campbell_john_y,harvard_campbell_john_y_published_069,Intertemporal Asset Pricing without Consumption Data,American Economic Review,1993,published,https://campbell.scholars.harvard.edu/sites/g/files/omnuum5881/files/2026-01/campcv-2.pdf,"""Intertemporal Asset Pricing without Consumption Data"", American Economic Review 83:487-512, June 1993."
harvard_campbell_john_y,harvard_campbell_john_y_published_070,What Moves the Stock and Bond Markets? A Variance Decomposition for Long-Term Asset Returns,Journal of Finance,1993,published,https://campbell.scholars.harvard.edu/sites/g/files/omnuum5881/files/2026-01/campcv-2.pdf,"""What Moves the Stock and Bond Markets? A Variance Decomposition for Long-Term Asset Returns"", with John Ammer, Journal of Finance 48:3-37, March 1993."
harvard_campbell_john_y,harvard_campbell_john_y_published_071,"Smart Money, Noise Trading and Stock Price Behavior",Review of Economic Studies,1993,published,https://campbell.scholars.harvard.edu/sites/g/files/omnuum5881/files/2026-01/campcv-2.pdf,"""Smart Money, Noise Trading and Stock Price Behavior"", with Albert S. Kyle, Review of Economic Studies 60:1-34, January 1993."
harvard_campbell_john_y,harvard_campbell_john_y_published_072,No News is Good News: An Asymmetric Model of Changing Volatility in Stock Returns,Journal of Financial Economics,1992,published,https://campbell.scholars.harvard.edu/sites/g/files/omnuum5881/files/2026-01/campcv-2.pdf,"""No News is Good News: An Asymmetric Model of Changing Volatility in Stock Returns"", with Ludger Hentschel, Journal of Financial Economics 31:281-318, June 1992."
harvard_campbell_john_y,harvard_campbell_john_y_published_073,Predictable Stock Returns in the United States and Japan: A Study of Long-Term Capital Market Integration,Journal of Finance,1992,published,https://campbell.scholars.harvard.edu/sites/g/files/omnuum5881/files/2026-01/campcv-2.pdf,"""Predictable Stock Returns in the United States and Japan: A Study of Long-Term Capital Market Integration"", with Yasushi Hamao, Journal of Finance 47:43-69, March 1992."
harvard_campbell_john_y,harvard_campbell_john_y_published_074,Yield Spreads and Interest Rate Movements: A Bird's Eye View,Review of Economic Studies,1991,published,https://campbell.scholars.harvard.edu/sites/g/files/omnuum5881/files/2026-01/campcv-2.pdf,"""Yield Spreads and Interest Rate Movements: A Bird's Eye View"", with Robert J. Shiller, Review of Economic Studies 58:495-514, July 1991."
harvard_campbell_john_y,harvard_campbell_john_y_published_075,The Response of Consumption to Income: A Cross-Country Investigation,European Economic Review,1991,published,https://campbell.scholars.harvard.edu/sites/g/files/omnuum5881/files/2026-01/campcv-2.pdf,"""The Response of Consumption to Income: A Cross-Country Investigation"", with N. Gregory Mankiw, European Economic Review 35:723-767, May 1991."
harvard_campbell_john_y,harvard_campbell_john_y_published_076,A Variance Decomposition for Stock Returns,Economic Journal,1991,published,https://campbell.scholars.harvard.edu/sites/g/files/omnuum5881/files/2026-01/campcv-2.pdf,"""A Variance Decomposition for Stock Returns"", Economic Journal 101:157-179, March 1991."
harvard_campbell_john_y,harvard_campbell_john_y_published_077,U.S. Corporate Leverage: Developments in 1987 and 1988,Brookings Papers on Economic Activity,1990,published,https://campbell.scholars.harvard.edu/sites/g/files/omnuum5881/files/2026-01/campcv-2.pdf,"""U.S. Corporate Leverage: Developments in 1987 and 1988"", with Ben S. Bernanke and Toni M. Whited, Brookings Papers on Economic Activity 1:255-278, 1990."
harvard_campbell_john_y,harvard_campbell_john_y_published_078,"Permanent Income, Current Income, and Consumption",Journal of Business and Economic Statistics,1990,published,https://campbell.scholars.harvard.edu/sites/g/files/omnuum5881/files/2026-01/campcv-2.pdf,"""Permanent Income, Current Income, and Consumption"", with N. Gregory Mankiw, Journal of Business and Economic Statistics 8:265-279, July 1990."
harvard_campbell_john_y,harvard_campbell_john_y_published_079,Measuring the Persistence of Expected Returns,American Economic Review,1990,published,https://campbell.scholars.harvard.edu/sites/g/files/omnuum5881/files/2026-01/campcv-2.pdf,"""Measuring the Persistence of Expected Returns"", American Economic Review 80:43-47, Papers and Proceedings, May 1990."
harvard_campbell_john_y,harvard_campbell_john_y_published_080,Why Is Consumption So Smooth?,Review of Economic Studies,1989,published,https://campbell.scholars.harvard.edu/sites/g/files/omnuum5881/files/2026-01/campcv-2.pdf,"""Why Is Consumption So Smooth?"", with Angus S. Deaton, Review of Economic Studies 56:357-374, July 1989."
harvard_campbell_john_y,harvard_campbell_john_y_published_081,International Evidence on the Persistence of Economic Fluctuations,Journal of Monetary Economics,1989,published,https://campbell.scholars.harvard.edu/sites/g/files/omnuum5881/files/2026-01/campcv-2.pdf,"""International Evidence on the Persistence of Economic Fluctuations"", with N. Gregory Mankiw, Journal of Monetary Economics 23:319-333, March 1989."
harvard_campbell_john_y,harvard_campbell_john_y_published_082,The Dividend-Price Ratio and Expectations of Future Dividends and Discount Factors,Review of Financial Studies,1988,published,https://campbell.scholars.harvard.edu/sites/g/files/omnuum5881/files/2026-01/campcv-2.pdf,"""The Dividend-Price Ratio and Expectations of Future Dividends and Discount Factors"", with Robert J. Shiller, Review of Financial Studies 1:195-228, Fall 1988."
harvard_campbell_john_y,harvard_campbell_john_y_published_083,"Stock Prices, Earnings and Expected Dividends",Journal of Finance,1988,published,https://campbell.scholars.harvard.edu/sites/g/files/omnuum5881/files/2026-01/campcv-2.pdf,"""Stock Prices, Earnings and Expected Dividends"", with Robert J. Shiller, Journal of Finance 43:661-676, Papers and Proceedings, July 1988."
harvard_campbell_john_y,harvard_campbell_john_y_published_084,Does Saving Anticipate Declining Labor Income? An Alternative Test of the Permanent Income Hypothesis,Econometrica,1987,published,https://campbell.scholars.harvard.edu/sites/g/files/omnuum5881/files/2026-01/campcv-2.pdf,"""Does Saving Anticipate Declining Labor Income?  An Alternative Test of the Permanent Income Hypothesis"", Econometrica 55:1249-1273, November 1987."
harvard_campbell_john_y,harvard_campbell_john_y_published_085,The Dollar and Real Interest Rates,Carnegie-Rochester Conference Series on Public Policy,1987,published,https://campbell.scholars.harvard.edu/sites/g/files/omnuum5881/files/2026-01/campcv-2.pdf,"""The Dollar and Real Interest Rates"", with Richard H. Clarida, Carnegie-Rochester Conference Series on Public Policy 27:103-139, Fall 1987."
harvard_campbell_john_y,harvard_campbell_john_y_published_086,Are Output Fluctuations Transitory?,Quarterly Journal of Economics,1987,published,https://campbell.scholars.harvard.edu/sites/g/files/omnuum5881/files/2026-01/campcv-2.pdf,"""Are Output Fluctuations Transitory?"", with N. Gregory Mankiw, Quarterly Journal of Economics 102:857-880, November 1987."
harvard_campbell_john_y,harvard_campbell_john_y_published_087,Cointegration and Tests of Present Value Models,Journal of Political Economy,1987,published,https://campbell.scholars.harvard.edu/sites/g/files/omnuum5881/files/2026-01/campcv-2.pdf,"""Cointegration and Tests of Present Value Models"", with Robert J. Shiller, Journal of Political Economy 95:1062-1088, October 1987."
harvard_campbell_john_y,harvard_campbell_john_y_published_088,Stock Returns and the Term Structure,Journal of Financial Economics,1987,published,https://campbell.scholars.harvard.edu/sites/g/files/omnuum5881/files/2026-01/campcv-2.pdf,"""Stock Returns and the Term Structure"", Journal of Financial Economics 18:373-399, June 1987."
harvard_campbell_john_y,harvard_campbell_john_y_published_089,Permanent and Transitory Components of Macroeconomic Fluctuations,American Economic Review,1987,published,https://campbell.scholars.harvard.edu/sites/g/files/omnuum5881/files/2026-01/campcv-2.pdf,"""Permanent and Transitory Components of Macroeconomic Fluctuations"", with N. Gregory Mankiw, American Economic Review 77:111-117, Papers and Proceedings, May 1987."
harvard_campbell_john_y,harvard_campbell_john_y_published_090,"Money Announcements, the Demand for Bank Reserves and the Behavior of the Federal Funds Rate within the Statement Week","Journal of Money, Credit and Banking",1987,published,https://campbell.scholars.harvard.edu/sites/g/files/omnuum5881/files/2026-01/campcv-2.pdf,"""Money Announcements, the Demand for Bank Reserves and the Behavior of the Federal Funds Rate within the Statement Week"", Journal of Money, Credit and Banking 19:56-67, February 1987."
harvard_campbell_john_y,harvard_campbell_john_y_published_091,The Term Structure of Euromarket Interest Rates: An Empirical Investigation,Journal of Monetary Economics,1987,published,https://campbell.scholars.harvard.edu/sites/g/files/omnuum5881/files/2026-01/campcv-2.pdf,"""The Term Structure of Euromarket Interest Rates: An Empirical Investigation"", with Richard H. Clarida, Journal of Monetary Economics 19:25-44, January 1987."
harvard_campbell_john_y,harvard_campbell_john_y_published_092,Bond and Stock Returns in a Simple Exchange Model,Quarterly Journal of Economics,1986,published,https://campbell.scholars.harvard.edu/sites/g/files/omnuum5881/files/2026-01/campcv-2.pdf,"""Bond and Stock Returns in a Simple Exchange Model"", Quarterly Journal of Economics 101:785-804, November 1986."
harvard_campbell_john_y,harvard_campbell_john_y_published_093,A Defense of Traditional Hypotheses About the Term Structure of Interest Rates,Journal of Finance,1986,published,https://campbell.scholars.harvard.edu/sites/g/files/omnuum5881/files/2026-01/campcv-2.pdf,"""A Defense of Traditional Hypotheses About the Term Structure of Interest Rates"", Journal of Finance 41:183-193, March 1986."
harvard_campbell_john_y,harvard_campbell_john_y_published_094,A Simple Account of the Behavior of Long-Term Interest Rates,American Economic Review,1984,published,https://campbell.scholars.harvard.edu/sites/g/files/omnuum5881/files/2026-01/campcv-2.pdf,"""A Simple Account of the Behavior of Long-Term Interest Rates"", with Robert J. Shiller, American Economic Review 74:44-48, Papers and Proceedings, May 1984."
harvard_campbell_john_y,harvard_campbell_john_y_published_095,Forward Rates and Future Policy: Interpreting the Term Structure of Interest Rates,Brookings Papers on Economic Activity,1983,published,https://campbell.scholars.harvard.edu/sites/g/files/omnuum5881/files/2026-01/campcv-2.pdf,"""Forward Rates and Future Policy: Interpreting the Term Structure of Interest Rates"", with Robert J. Shiller and Kermit L. Schoenholtz, Brookings Papers on Economic Activity 1:173-217, 1983."
harvard_campbell_john_y,harvard_campbell_john_y_working_001,Bond-Stock Comovements,,2025,working,https://campbell.scholars.harvard.edu/sites/g/files/omnuum5881/files/2026-01/campcv-2.pdf,"""Bond-Stock Comovements"", with Carolin Pflueger and Luis Viceira, NBER Working Paper 34323, paper in preparation for Annual Review of Financial Economics, October 2025."
harvard_campbell_john_y,harvard_campbell_john_y_working_002,Debt and Deficits: Fiscal Analysis with Stationary Ratios,,2025,working,https://campbell.scholars.harvard.edu/sites/g/files/omnuum5881/files/2026-01/campcv-2.pdf,"""Debt and Deficits: Fiscal Analysis with Stationary Ratios"", with Can Gao and Ian Martin, revision of NBER Working Paper 31224, August 2025."
harvard_campbell_john_y,harvard_campbell_john_y_working_003,What Drives Booms and Busts in Value?,,2025,working,https://campbell.scholars.harvard.edu/sites/g/files/omnuum5881/files/2026-01/campcv-2.pdf,"""What Drives Booms and Busts in Value?"", with Stefano Giglio and Christopher Polk, revision of NBER Working Paper 31859, May 2025."
harvard_campbell_john_y,harvard_campbell_john_y_working_004,Heterogeneous Mortgage Choice: Evidence from Denmark,,2023,working,https://campbell.scholars.harvard.edu/sites/g/files/omnuum5881/files/2026-01/campcv-2.pdf,"""Heterogeneous Mortgage Choice: Evidence from Denmark"", with Steffen Andersen, Joao Cocco, Christopher Hansman, and Tarun Ramadorai, unpublished paper, December 2023."
harvard_itskhoki_oleg,harvard_itskhoki_oleg_published_001,Sanctions and the Exchange Rate,Review of Economic Studies,2025,published,https://itskhoki.com/research/,"Oleg Itskhoki and Dmitry Mukhin (2025): ""Sanctions and the Exchange Rate,"" NBER Working Paper No. 30009, April 2022. Review of Economic Studies, forthcoming."
harvard_itskhoki_oleg,harvard_itskhoki_oleg_published_002,Russian Oil Exports Under International Sanctions,Energy Economics,2025,published,https://itskhoki.com/research/,"Benjamin Hilgenstock, Elina Ribakova, Nataliia Shapoval, Tania Babina, Oleg Itskhoki, Maxim Mironov (2025): ""Russian Oil Exports Under International Sanctions,"" Energy Economics, forthcoming."
harvard_itskhoki_oleg,harvard_itskhoki_oleg_published_003,Mussa Puzzle Redux,Econometrica,2025,published,https://itskhoki.com/research/,"Oleg Itskhoki and Dmitry Mukhin (2025): ""Mussa Puzzle Redux,"" Econometrica, January 2025, 93(1): 1-39. Lead article."
harvard_itskhoki_oleg,harvard_itskhoki_oleg_published_004,The Economics of Sanctions: From Theory Into Practice,Brookings Papers on Economic Activity,2024,published,https://itskhoki.com/research/,"Oleg Itskhoki and Elina Ribakova (2024): ""The Economics of Sanctions: From Theory Into Practice,"" Brookings Papers on Economics Activity, Fall 2024: 425-470."
harvard_itskhoki_oleg,harvard_itskhoki_oleg_published_005,What Drives the Exchange Rate?,IMF Economic Review,2025,published,https://itskhoki.com/research/,"Oleg Itskhoki and Dmitry Mukhin (2024): ""What Drives the Exchange Rate?"" IMF Economic Review, March 2025, 73(1): 86-117."
harvard_itskhoki_oleg,harvard_itskhoki_oleg_published_006,What Drives U.S. Import Price Inflation?,AEA Papers & Proceedings,2024,published,https://itskhoki.com/research/,"Mary Amiti, Oleg Itskhoki and David Weinstein (2024): ""What Drives U.S. Import Price Inflation?"" AEA Papers & Proceedings, May 2024, 114: 106-11."
harvard_itskhoki_oleg,harvard_itskhoki_oleg_published_007,Exchange Rate Puzzles and Policies,"Credibility of Emerging Markets, Foreign Investors' Risk Perceptions, and Capital Flows (Central Bank of Chile)",2023,published,https://itskhoki.com/research/,"Oleg Itskhoki and Dmitry Mukhin (2023): ""Exchange Rate Puzzles and Policies,"" in Credibility of Emerging Markets, Foreign Investors' Risk Perceptions, and Capital Flows, Eds: A.Aguirre, A.Fernandez, S.Kalemli-Ozcan, 2023, Central Bank of Chile, pp. 47-95."
harvard_itskhoki_oleg,harvard_itskhoki_oleg_published_008,International Sanctions and Limits of Lerner Symmetry,AEA Papers & Proceedings,2023,published,https://itskhoki.com/research/,"Oleg Itskhoki and Dmitry Mukhin (2023): ""International Sanctions and Limits of Lerner Symmetry,"" AEA Papers & Proceedings, May 2023, 113: 33-38."
harvard_itskhoki_oleg,harvard_itskhoki_oleg_published_009,Dominant Currencies: How firms choose currency invoicing and why it matters,Quarterly Journal of Economics,2022,published,https://itskhoki.com/research/,"Mary Amiti, Oleg Itskhoki and Jozef Konings (2022): ""Dominant Currencies: How firms choose currency invoicing and why it matters,"" Quarterly Journal of Economics, August 2022, 137(3): 1435-93."
harvard_itskhoki_oleg,harvard_itskhoki_oleg_published_010,Dominant Currency Paradigm: A Review,Handbook of International Economics,2022,published,https://itskhoki.com/research/,"Gita Gopinath and Oleg Itskhoki (2022): ""Dominant Currency Paradigm: A Review,"" Handbook of International Economics, April 2022, Volume 6, Chapter 2: 45-90."
harvard_itskhoki_oleg,harvard_itskhoki_oleg_published_011,Exchange Rate Disconnect in General Equilibrium,Journal of Political Economy,2021,published,https://itskhoki.com/research/,"Oleg Itskhoki and Dmitry Mukhin (2021): ""Exchange Rate Disconnect in General Equilibrium,"" Journal of Political Economy, August 2021, 129(8): 2183-2232. Lead article."
harvard_itskhoki_oleg,harvard_itskhoki_oleg_published_012,The Story of the Real Exchange Rate,Annual Review of Economics,2021,published,https://itskhoki.com/research/,"Oleg Itskhoki (2021): ""The Story of the Real Exchange Rate,"" Annual Review of Economics, August 2021, Volume 13: 423-455."
harvard_itskhoki_oleg,harvard_itskhoki_oleg_published_013,Government Policies in a Granular Global Economy,Journal of Monetary Economics,2021,published,https://itskhoki.com/research/,"Cecile Gaubert, Oleg Itskhoki and Maximilian Vogler (2021): ""Government Policies in a Granular Global Economy,"" Journal of Monetary Economics, July 2021, Volume 121: 95-112."
harvard_itskhoki_oleg,harvard_itskhoki_oleg_published_014,Granular Comparative Advantage,Journal of Political Economy,2021,published,https://itskhoki.com/research/,"Cecile Gaubert and Oleg Itskhoki (2021): ""Granular Comparative Advantage,"" Journal of Political Economy, March 2021, 129(3): 871-939."
harvard_itskhoki_oleg,harvard_itskhoki_oleg_published_015,"International Shocks, Variable Markups and Domestic Prices",Review of Economic Studies,2019,published,https://itskhoki.com/research/,"Mary Amiti, Oleg Itskhoki and Jozef Konings (2019): ""International Shocks, Variable Markups and Domestic Prices,"" Review of Economic Studies, November 2019, 86(6): 2356-2402."
harvard_itskhoki_oleg,harvard_itskhoki_oleg_published_016,Optimal Development Policies with Financial Frictions,Econometrica,2019,published,https://itskhoki.com/research/,"Oleg Itskhoki and Benjamin Moll (2019): ""Optimal Development Policies with Financial Frictions,"" Econometrica, January 2019, 87(1): 139-173."
harvard_itskhoki_oleg,harvard_itskhoki_oleg_published_017,The Macroeconomics of Border Taxes,NBER Macroeconomics Annual 2018,2019,published,https://itskhoki.com/research/,"Omar Barbiero, Emmanuel Farhi, Gita Gopinath and Oleg Itskhoki (2019): ""The Macroeconomics of Border Taxes,"" NBER Macroeconomics Annual 2018, May 2019, Volume 33, pp. 395-457."
harvard_itskhoki_oleg,harvard_itskhoki_oleg_published_018,"Globalization, Inequality and Welfare",Journal of International Economics,2017,published,https://itskhoki.com/research/,"Pol Antras, Alonso de Gortari and Oleg Itskhoki (2017): ""Globalization, Inequality and Welfare,"" Journal of International Economics, September 2017, 108: 387-412."
harvard_itskhoki_oleg,harvard_itskhoki_oleg_published_019,Trade and Inequality: From Theory to Estimation,Review of Economic Studies,2017,published,https://itskhoki.com/research/,"Elhanan Helpman, Oleg Itskhoki, Marc-Andreas Muendler and Stephen J. Redding (2017): ""Trade and Inequality: From Theory to Estimation,"" Review of Economic Studies, January 2017, 84(1): 357-405."
harvard_itskhoki_oleg,harvard_itskhoki_oleg_published_020,"Importers, Exporters and Exchange Rate Disconnect",American Economic Review,2014,published,https://itskhoki.com/research/,"Mary Amiti, Oleg Itskhoki and Jozef Konings (2014): ""Importers, Exporters and Exchange Rate Disconnect,"" American Economic Review, July 2014, 104 (7): 1942-1978."
harvard_itskhoki_oleg,harvard_itskhoki_oleg_published_021,Fiscal Devaluations,Review of Economic Studies,2014,published,https://itskhoki.com/research/,"Emmanuel Farhi, Gita Gopinath and Oleg Itskhoki (2014): ""Fiscal Devaluations,"" Review of Economic Studies, April 2014, 81 (2): 725-760."
harvard_itskhoki_oleg,harvard_itskhoki_oleg_published_022,Sources of Wage Inequality,"American Economic Review, Papers & Proceedings",2013,published,https://itskhoki.com/research/,"Anders Akerman, Elhanan Helpman, Oleg Itskhoki, Marc-Andreas Muendler and Stephen J. Redding (2013): ""Sources of Wage Inequality,"" American Economic Review, Papers & Proceedings, May 2013, 103(3): 214-219."
harvard_itskhoki_oleg,harvard_itskhoki_oleg_published_023,Trade and Labor Market Outcomes,"Advances in Economics and Econometrics, Tenth World Congress of the Econometric Society",2013,published,https://itskhoki.com/research/,"Elhanan Helpman, Oleg Itskhoki and Stephen J. Redding (2013): ""Trade and Labor Market Outcomes,"" Advances in Economics and Econometrics, Tenth World Congress of the Econometric Society, V. 2: Applied Economics, D. Acemoglu, M. Arellano and E. Dekel, eds, May 2013, Cambridge University Press."
harvard_itskhoki_oleg,harvard_itskhoki_oleg_published_024,Trade Prices and the Global Trade Collapse of 2008-09,IMF Economic Review,2012,published,https://itskhoki.com/research/,"Gita Gopinath, Oleg Itskhoki and Brent Neiman (2012): ""Trade Prices and the Global Trade Collapse of 2008-09,"" IMF Economic Review, September 2012, 60 (3): 303-328. Lead article."
harvard_itskhoki_oleg,harvard_itskhoki_oleg_published_025,In Search of Real Rigidities,NBER Macroeconomics Annual 2010,2011,published,https://itskhoki.com/research/,"Gita Gopinath and Oleg Itskhoki (2011): ""In Search of Real Rigidities,"" NBER Macroeconomics Annual 2010, D. Acemoglu and M. Woodford, eds, May 2011, Volume 25, pp. 261-309, University of Chicago Press."
harvard_itskhoki_oleg,harvard_itskhoki_oleg_published_026,Inequality and Unemployment in a Global Economy,Econometrica,2010,published,https://itskhoki.com/research/,"Elhanan Helpman, Oleg Itskhoki and Stephen J. Redding (2010): ""Inequality and Unemployment in a Global Economy,"" Econometrica, July 2010, 78 (4): 1239-1283."
harvard_itskhoki_oleg,harvard_itskhoki_oleg_published_027,"Labour Market Rigidities, Trade and Unemployment",Review of Economic Studies,2010,published,https://itskhoki.com/research/,"Elhanan Helpman and Oleg Itskhoki (2010): ""Labour Market Rigidities, Trade and Unemployment,"" Review of Economic Studies, July 2010, 77 (3): 1100-1137."
harvard_itskhoki_oleg,harvard_itskhoki_oleg_published_028,Frequency of Price Adjustment and Pass-through,Quarterly Journal of Economics,2010,published,https://itskhoki.com/research/,"Gita Gopinath and Oleg Itskhoki (2010): ""Frequency of Price Adjustment and Pass-through,"" Quarterly Journal of Economics, May 2010, 125 (2): 675-727."
harvard_itskhoki_oleg,harvard_itskhoki_oleg_published_029,Unequal Effects of Trade on Workers with Different Abilities,"Journal of the European Economic Association, Papers & Proceedings",2010,published,https://itskhoki.com/research/,"Elhanan Helpman, Oleg Itskhoki and Stephen J. Redding (2010): ""Unequal Effects of Trade on Workers with Different Abilities,"" Journal of the European Economic Association, Papers & Proceedings, April-May 2010, 8 (2-3): 421-433."
harvard_itskhoki_oleg,harvard_itskhoki_oleg_published_030,Currency Choice and Exchange Rate Pass-through,American Economic Review,2010,published,https://itskhoki.com/research/,"Gita Gopinath, Oleg Itskhoki and Roberto Rigobon (2010): ""Currency Choice and Exchange Rate Pass-through,"" American Economic Review, March 2010, 100 (1): 304-336."
harvard_itskhoki_oleg,harvard_itskhoki_oleg_published_031,Asymmetric Price Rigidity and the Optimal Rate of Inflation,Ekonomika i Matematicheskie Metody,2008,published,https://itskhoki.com/research/,"Oleg Itskhoki (2008): ""Asymmetric Price Rigidity and the Optimal Rate of Inflation,"" Ekonomika i Matematicheskie Metody, July 2008, 44 (3): 17-37."
harvard_itskhoki_oleg,harvard_itskhoki_oleg_published_032,Model Selection and Paradoxes of Prediction,Quantile,2006,published,https://itskhoki.com/research/,"Oleg Itskhoki (2006): ""Model Selection and Paradoxes of Prediction,"" Quantile, Sep 2006, 1:43-51."
harvard_itskhoki_oleg,harvard_itskhoki_oleg_working_001,Optimal Exchange Rate Policy,,2023,working,https://itskhoki.com/research/,"Oleg Itskhoki and Dmitry Mukhin (2023): ""Optimal Exchange Rate Policy,"" NBER Working Paper No. 31933, December 2023. R&R at the American Economic Review."
harvard_itskhoki_oleg,harvard_itskhoki_oleg_working_002,What do financial markets say about the exchange rate?,,2025,working,https://itskhoki.com/research/,"Mikhail Chernov, Valentin Haddad and Oleg Itskhoki (2025): ""What do financial markets say about the exchange rate?"" NBER Working Paper No. 32436, May 2024. R&R at the American Economic Review."
harvard_itskhoki_oleg,harvard_itskhoki_oleg_working_003,"Trade Liberalization, Wage Rigidity, and Labor Market Dynamics with Heterogeneous Firms",,2025,working,https://itskhoki.com/research/,"Ekaterina Gurkova, Elhanan Helpman and Oleg Itskhoki (2025): ""Trade Liberalization, Wage Rigidity, and Labor Market Dynamics with Heterogeneous Firms,"" R&R at the Journal of International Economics."
harvard_itskhoki_oleg,harvard_itskhoki_oleg_working_004,The Optimal Macro Tariff,,2025,working,https://itskhoki.com/research/,"Oleg Itskhoki and Dmitry Mukhin (2025): ""The Optimal Macro Tariff,"" NBER Working Paper No. 33839, May 2025."
harvard_itskhoki_oleg,harvard_itskhoki_oleg_working_005,Breaking Parity: Equilibrium exchange rates and currency premia,,2025,working,https://itskhoki.com/research/,"Chi Mai Dao, Pierre-Olivier Gourinchas and Oleg Itskhoki (2025): ""Breaking Parity: Equilibrium exchange rates and currency premia,"" NBER Working Paper No. 34443, November 2025."
harvard_itskhoki_oleg,harvard_itskhoki_oleg_working_006,How Good is International Risk Sharing? Stepping outside the Shadow of the Welfare Theorems,,2025,working,https://itskhoki.com/research/,"Mark Aguiar, Oleg Itskhoki and Dmitry Mukhin (2025): ""How Good is International Risk Sharing? Stepping outside the Shadow of the Welfare Theorems,"" NBER Working Paper No. 34587, December 2025."
harvard_itskhoki_oleg,harvard_itskhoki_oleg_working_007,Financial Repression in the Currency Market under Sanctions,,2025,working,https://itskhoki.com/research/,"Oleg Itskhoki and Dmitry Mukhin (2025): ""Financial Repression in the Currency Market under Sanctions,"" Economic Policy, in preparation."
harvard_itskhoki_oleg,harvard_itskhoki_oleg_working_008,Consumption-led Growth,,2018,working,https://itskhoki.com/research/,"Markus Brunnermeier, Pierre-Olivier Gourinchas, Oleg Itskhoki (2018): ""Consumption-led Growth."""
harvard_itskhoki_oleg,harvard_itskhoki_oleg_working_009,Price Dynamics for Durable Goods,,2012,working,https://itskhoki.com/research/,"Michal Fabinger, Gita Gopinath and Oleg Itskhoki (2012): ""Price Dynamics for Durable Goods."""
harvard_itskhoki_oleg,harvard_itskhoki_oleg_working_010,Optimal Redistribution in an Open Economy,,2008,working,https://itskhoki.com/research/,"Oleg Itskhoki (2008): ""Optimal Redistribution in an Open Economy."""
harvard_itskhoki_oleg,harvard_itskhoki_oleg_working_011,How Expensive is Commitment?,,2007,working,https://itskhoki.com/files/cv.pdf,"Oleg Itskhoki (2007): ""How Expensive is Commitment?"""
