prof_id,conference_name,year,paper_presented,source_url,source_snippet
harvard_campbell_john_y,American Economic Association: Ely Lecture,2016,,https://campbell.scholars.harvard.edu/sites/g/files/omnuum5881/files/2026-01/campcv-2.pdf,"American Economic Association: Ely Lecture, 2016; Address to joint lunch with American Finance Association, 2002."
harvard_campbell_john_y,American Finance Association: Presidential Address,2006,,https://campbell.scholars.harvard.edu/sites/g/files/omnuum5881/files/2026-01/campcv-2.pdf,"American Finance Association: Presidential Address, 2006."
harvard_campbell_john_y,"Econometric Society: Keynote, Australasian meetings",2014,,https://campbell.scholars.harvard.edu/sites/g/files/omnuum5881/files/2026-01/campcv-2.pdf,"Econometric Society: Keynote Addresses at Australasian meetings, 2014, 2002; Latin American and European meetings, 1999."
harvard_campbell_john_y,Notre Dame Investment Management Conference (keynote),2025,,https://campbell.scholars.harvard.edu/sites/g/files/omnuum5881/files/2026-01/campcv-2.pdf,"Other Keynote Addresses: Notre Dame Investment Management Conference, 2025; Five-Star Conference, NYU, 2024;"
harvard_campbell_john_y,"Five-Star Conference, NYU (keynote)",2024,,https://campbell.scholars.harvard.edu/sites/g/files/omnuum5881/files/2026-01/campcv-2.pdf,"Five-Star Conference, NYU, 2024; MIT Golub Center for Finance and Policy Conference on Consumer Finance, 2024;"
harvard_campbell_john_y,MIT Golub Center for Finance and Policy Conference on Consumer Finance (keynote),2024,,https://campbell.scholars.harvard.edu/sites/g/files/omnuum5881/files/2026-01/campcv-2.pdf,"MIT Golub Center for Finance and Policy Conference on Consumer Finance, 2024; Financial Management Association, Grapevine, TX, 2024;"
harvard_campbell_john_y,"Financial Management Association, Grapevine TX (keynote)",2024,,https://campbell.scholars.harvard.edu/sites/g/files/omnuum5881/files/2026-01/campcv-2.pdf,"Financial Management Association, Grapevine, TX, 2024; RCEA International Conference on Economics, Econometrics, and Finance, Brunel University, London, 2024;"
harvard_campbell_john_y,"RCEA International Conference on Economics, Econometrics, and Finance, Brunel University London (keynote)",2024,,https://campbell.scholars.harvard.edu/sites/g/files/omnuum5881/files/2026-01/campcv-2.pdf,"RCEA International Conference on Economics, Econometrics, and Finance, Brunel University, London, 2024; Young Scholars Finance Consortium, Texas A&M University, 2024;"
harvard_campbell_john_y,"Young Scholars Finance Consortium, Texas A&M University (keynote)",2024,,https://campbell.scholars.harvard.edu/sites/g/files/omnuum5881/files/2026-01/campcv-2.pdf,"Young Scholars Finance Consortium, Texas A&M University, 2024; Georgia Tech-Atlanta Fed Household Finance Conference, Atlanta, 2023;"
harvard_campbell_john_y,Georgia Tech-Atlanta Fed Household Finance Conference (keynote),2023,,https://campbell.scholars.harvard.edu/sites/g/files/omnuum5881/files/2026-01/campcv-2.pdf,"Georgia Tech-Atlanta Fed Household Finance Conference, Atlanta, 2023; FCA-Imperial Conference on Household Finance, London, 2019;"
harvard_campbell_john_y,"Lovell Lecture, University of Colorado Boulder",2018,,https://campbell.scholars.harvard.edu/sites/g/files/omnuum5881/files/2026-01/campcv-2.pdf,"University Distinguished Lectures: Lovell Lecture, University of Colorado Boulder, 2018;"
harvard_campbell_john_y,"Gary P. Brinson Lecture, Washington State University",2016,,https://campbell.scholars.harvard.edu/sites/g/files/omnuum5881/files/2026-01/campcv-2.pdf,"Gary P. Brinson Lecture, Washington State University, 2016;"
harvard_campbell_john_y,"Arrow Lectures, Stanford University",2017,,https://campbell.scholars.harvard.edu/sites/g/files/omnuum5881/files/2026-01/campcv-2.pdf,"University Lecture Series: Arrow Lectures, Stanford University, 2017; Princeton Finance Lectures, Princeton University, 2008; Marshall Lectures, University of Cambridge, 2001; Clarendon Lectures, University of Oxford, 1999."
harvard_campbell_john_y,"Princeton Finance Lectures, Princeton University",2008,,https://campbell.scholars.harvard.edu/sites/g/files/omnuum5881/files/2026-01/campcv-2.pdf,"Princeton Finance Lectures, Princeton University, 2008;"
harvard_campbell_john_y,"Marshall Lectures, University of Cambridge",2001,,https://campbell.scholars.harvard.edu/sites/g/files/omnuum5881/files/2026-01/campcv-2.pdf,"Marshall Lectures, University of Cambridge, 2001;"
harvard_campbell_john_y,"Clarendon Lectures, University of Oxford",1999,,https://campbell.scholars.harvard.edu/sites/g/files/omnuum5881/files/2026-01/campcv-2.pdf,"Clarendon Lectures, University of Oxford, 1999."
harvard_itskhoki_oleg,"Janeway Institute Conference on The New Global Economy: Trade Wars and De-dollarisation (keynote, Jesus College, Cambridge)",2025,,https://itskhoki.com/files/cv.pdf,"Janeway Institute Conference on ""The New Global Economy: Trade Wars and De-dollarisation?"" Jesus College, University of Cambridge, September 2025"
harvard_itskhoki_oleg,"Panel on The Future of the Global Economy, NBER Summer Institute ITM (keynote)",2025,,https://itskhoki.com/files/cv.pdf,"""Panel on The Future of the Global Economy"" at NBER Summer Institute ITM (2025)"
harvard_itskhoki_oleg,OECD WP3 (keynote),2025,,https://itskhoki.com/files/cv.pdf,OECD WP3 (2025)
harvard_itskhoki_oleg,"Fed Macro Research Conference, Chicago Fed (keynote)",2023,,https://itskhoki.com/files/cv.pdf,"Fed Macro Research Conference (Chicago Fed, 2023)"
harvard_itskhoki_oleg,UT-Austin Macro Conference (keynote),2023,,https://itskhoki.com/files/cv.pdf,UT-Austin Macro Conference (2023)
harvard_itskhoki_oleg,"AFA Lecture (AEA Meetings, New Orleans)",2023,Exchange Rate Puzzles and Policies,https://itskhoki.com/files/cv.pdf,"AFA Lecture ""Exchange Rate Puzzles and Policies"" (AEA Meetings, New Orleans, 2023)"
harvard_itskhoki_oleg,"George Fuller Memorial Lecture, Iowa State University (keynote)",2022,,https://itskhoki.com/files/cv.pdf,"George Fuller Memorial Lecture, Iowa State University, 2022"
harvard_itskhoki_oleg,"Salento Macro Meetings, Lecce (keynote)",2022,,https://itskhoki.com/files/cv.pdf,"Salento Macro Meetings (Lecce, 2022)"
harvard_itskhoki_oleg,Paris School of Economics department-wide seminar (keynote),2021,,https://itskhoki.com/files/cv.pdf,Department-wide seminar at the Paris School of Economics (2021)
harvard_itskhoki_oleg,"Theories and Methods in Macroeconomics (T2M), Aix-Marseille University (keynote)",2020,,https://itskhoki.com/files/cv.pdf,Theories and Methods in Macroeconomics (T2M) at Aix-Marseille University (2020)
harvard_itskhoki_oleg,"IMF Workshop on Tariffs, Currencies and External Rebalancing (keynote lecture)",2019,The Effect of Tariffs on External Imbalances,https://itskhoki.com/files/cv.pdf,"Lecture on ""The Effect of Tariffs on External Imbalances"" at the IMF Workshop on Tariffs, Currencies and External Rebalancing (2019)"
harvard_itskhoki_oleg,"ECB conference on Exchange Rates, Banque de France, Paris (keynote)",2018,,https://itskhoki.com/files/cv.pdf,"ECB conference on Exchange Rates (Banque de France, Paris, 2018)"
harvard_itskhoki_oleg,"Temple University Workshop on International Economics, Philadelphia (keynote)",2018,,https://itskhoki.com/files/cv.pdf,"Temple University Workshop on International Economics (Philadelphia, 2018)"
harvard_itskhoki_oleg,"Barcelona GSE Summer Forum, Firms in the Global Economy (keynote)",2018,,https://itskhoki.com/files/cv.pdf,"Barcelona GSE Summer Forum ""Firms in the Global Economy"" (2018)"
harvard_itskhoki_oleg,"20th DEGIT Conference, Geneva (keynote)",2015,,https://itskhoki.com/files/cv.pdf,"20th DEGIT Conference (Geneva, 2015)"
harvard_itskhoki_oleg,"16th NOITS Conference, Copenhagen (keynote)",2015,,https://itskhoki.com/files/cv.pdf,"16th NOITS Conference (Copenhagen, 2015)"
harvard_itskhoki_oleg,AEA Meetings (San Francisco),2025,,https://itskhoki.com/files/cv.pdf,2025 AEA Meetings (San Francisco)
harvard_itskhoki_oleg,Second Annual Jackson Hole IFM conference,2025,,https://itskhoki.com/files/cv.pdf,Second Annual Jackson Hole IFM conference
harvard_itskhoki_oleg,"The inaugural International Seminar on Trade (ISOT, DC)",2025,,https://itskhoki.com/files/cv.pdf,"The inaugural International Seminar on Trade (ISOT, DC)"
harvard_itskhoki_oleg,Princeton IES Workshop,2025,,https://itskhoki.com/files/cv.pdf,Princeton IES Workshop
harvard_itskhoki_oleg,"NBER Summer Institute (ITI, ITM, IFM-ME-MMFF, Borders)",2025,,https://itskhoki.com/files/cv.pdf,"NBER Summer Institute (ITI, ITM, IFM-ME-MMFF, Borders)"
harvard_itskhoki_oleg,NBER Fall IFM Meeting,2025,,https://itskhoki.com/files/cv.pdf,NBER Fall IFM Meeting
harvard_itskhoki_oleg,"1st PEGI (Economic Policy, Science Po, Paris)",2025,,https://itskhoki.com/files/cv.pdf,"1st PEGI (Economic Policy, Science Po, Paris)"
harvard_itskhoki_oleg,AEA Meetings (San Antonio),2024,,https://itskhoki.com/files/cv.pdf,2024 AEA Meetings (San Antonio)
harvard_itskhoki_oleg,First Annual Jackson Hole IFM conference,2024,,https://itskhoki.com/files/cv.pdf,First Annual Jackson Hole IFM conference
harvard_itskhoki_oleg,UCLA Anderson Fink Center Conference (panelist),2024,,https://itskhoki.com/files/cv.pdf,UCLA Anderson Fink Center Conference (panelist)
harvard_itskhoki_oleg,"Macroeconomics in Emerging Markets in honor of Martin Uribe, Columbia",2024,,https://itskhoki.com/files/cv.pdf,Macroeconomics in Emerging Markets in honor of Martin Uribe (Columbia)
harvard_itskhoki_oleg,NBER Summer Institute ITM Meeting,2024,,https://itskhoki.com/files/cv.pdf,NBER Summer institute ITM Meeting
harvard_itskhoki_oleg,"CEBRA Plenary Talk, Vilnus",2024,,https://itskhoki.com/files/cv.pdf,CEBRA Plennary Talk (Vilnus)
harvard_itskhoki_oleg,Brookings Papers on Economic Activity,2024,,https://itskhoki.com/files/cv.pdf,Brookings Papers on Economic Activity
harvard_itskhoki_oleg,"Kiel Institute Geoeconomics Conference, Berlin",2024,,https://itskhoki.com/files/cv.pdf,Kiel Institute Geoeconomics Conference (Berlin)
harvard_itskhoki_oleg,AEA Meetings (New Orleans),2023,,https://itskhoki.com/files/cv.pdf,2023 AEA Meetings (New Orleans)
harvard_itskhoki_oleg,Jackson Hole Macro conference,2023,,https://itskhoki.com/files/cv.pdf,Jackson Hole Macro conference
harvard_itskhoki_oleg,NBER PEIF Research Agenda conference (Cambridge MA),2023,,https://itskhoki.com/files/cv.pdf,NBER PEIF Research Agenda conference (Cambridge MA)
harvard_itskhoki_oleg,"Fed Macro Research Conference (plenary, Chicago Fed)",2023,,https://itskhoki.com/files/cv.pdf,"Fed Macro Research Conference (plenary, Chicago Fed)"
harvard_itskhoki_oleg,SED Annual Meetings (Cartagena),2023,,https://itskhoki.com/files/cv.pdf,SED Annual Meetings (Cartagena)
harvard_itskhoki_oleg,NBER Summer Institute IFM-ME-MMFF Meeting,2023,,https://itskhoki.com/files/cv.pdf,NBER Summer Institute IFM-ME-MMFF Meeting
harvard_itskhoki_oleg,NBER Summer Institute Macro within/across Borders Meeting,2023,,https://itskhoki.com/files/cv.pdf,NBER Summer Institute Macro within/across Borders Meeting
harvard_itskhoki_oleg,EEA Meeting (Barcelona),2023,,https://itskhoki.com/files/cv.pdf,EEA Meeting (Barcelona)
harvard_itskhoki_oleg,7th Annual Macroprudential Conference (Sveriges Riksbank),2023,,https://itskhoki.com/files/cv.pdf,7th Annual Macroprudential Conference (Sveriges Riksbank)
harvard_itskhoki_oleg,Chicago BFI MFR Conference,2023,,https://itskhoki.com/files/cv.pdf,Chicago BFI MFR Conference
harvard_itskhoki_oleg,Stanford SITE,2023,,https://itskhoki.com/files/cv.pdf,Stanford SITE
harvard_itskhoki_oleg,"NBER Fall Asset Pricing Meeting (panelist, Stanford)",2023,,https://itskhoki.com/files/cv.pdf,"NBER Fall Asset Pricing Meeting (panelist, Stanford)"
harvard_itskhoki_oleg,Jacques Polak Annual Research Conference in honor of Ken Rogoff (IMF),2023,,https://itskhoki.com/files/cv.pdf,Jacques Polak Annual Research Conference in honor of Ken Rogoff (IMF)
harvard_antras_pol,"PSE-CEPR Policy Forum, Paris",2026,,https://antras.scholars.harvard.edu/sites/g/files/omnuum5876/files/2025-12/CV_Antras_November_2025%283%29.pdf,"2026: Keynote/Lecture — PSE-CEPR Policy Forum, Paris"
harvard_antras_pol,"BSE Summer Forum, Networks and Firms, Barcelona",2025,,https://antras.scholars.harvard.edu/sites/g/files/omnuum5876/files/2025-12/CV_Antras_November_2025%283%29.pdf,"2025: Keynote/Lecture — BSE Summer Forum, Networks and Firms, Barcelona"
harvard_antras_pol,"IESE, Globalization, Organizations, and AI, Barcelona",2025,,https://antras.scholars.harvard.edu/sites/g/files/omnuum5876/files/2025-12/CV_Antras_November_2025%283%29.pdf,"2025: Keynote/Lecture — IESE, Globalization, Organizations, and AI, Barcelona"
harvard_antras_pol,China Econ Lab Master Lecture,2025,,https://antras.scholars.harvard.edu/sites/g/files/omnuum5876/files/2025-12/CV_Antras_November_2025%283%29.pdf,2025: Keynote/Lecture — China Econ Lab Master Lecture
harvard_antras_pol,"German Economic Association Meeting, Cologne",2025,,https://antras.scholars.harvard.edu/sites/g/files/omnuum5876/files/2025-12/CV_Antras_November_2025%283%29.pdf,"2025: Keynote/Lecture — German Economic Association Meeting, Cologne"
harvard_antras_pol,"Heckscher-Ohlin Conference, Stockholm",2025,,https://antras.scholars.harvard.edu/sites/g/files/omnuum5876/files/2025-12/CV_Antras_November_2025%283%29.pdf,"2025: Keynote/Lecture — Heckscher-Ohlin Conference, Stockholm"
harvard_antras_pol,"4th Kiel-CEPR Conference on Geoeconomics, Paris",2025,,https://antras.scholars.harvard.edu/sites/g/files/omnuum5876/files/2025-12/CV_Antras_November_2025%283%29.pdf,"2025: Keynote/Lecture — 4th Kiel-CEPR Conference on Geoeconomics, Paris"
harvard_antras_pol,"Boston Fed 69th Economic Conference, Boston",2025,,https://antras.scholars.harvard.edu/sites/g/files/omnuum5876/files/2025-12/CV_Antras_November_2025%283%29.pdf,"2025: Keynote/Lecture — Boston Fed 69th Economic Conference, Boston"
harvard_antras_pol,"Conference on Geo-Economic Fragmentation, Auckland, NZ",2025,,https://antras.scholars.harvard.edu/sites/g/files/omnuum5876/files/2025-12/CV_Antras_November_2025%283%29.pdf,"2025: Keynote/Lecture — Conference on Geo-Economic Fragmentation, Auckland, NZ"
harvard_antras_pol,"BBVA-JEEA Lecture, San Antonio / Madrid",2024,,https://antras.scholars.harvard.edu/sites/g/files/omnuum5876/files/2025-12/CV_Antras_November_2025%283%29.pdf,"2024: Keynote/Lecture — BBVA-JEEA Lecture, San Antonio / Madrid"
harvard_antras_pol,"IMF Institute Lecture, Washington D.C.",2024,,https://antras.scholars.harvard.edu/sites/g/files/omnuum5876/files/2025-12/CV_Antras_November_2025%283%29.pdf,"2024: Keynote/Lecture — IMF Institute Lecture, Washington D.C."
harvard_antras_pol,"Global Value-Chain Training and Research Workshop, Beijing",2024,,https://antras.scholars.harvard.edu/sites/g/files/omnuum5876/files/2025-12/CV_Antras_November_2025%283%29.pdf,"2024: Keynote/Lecture — Global Value-Chain Training and Research Workshop, Beijing"
harvard_antras_pol,"INSEAD Economics Symposium, Singapore",2024,,https://antras.scholars.harvard.edu/sites/g/files/omnuum5876/files/2025-12/CV_Antras_November_2025%283%29.pdf,"2024: Keynote/Lecture — INSEAD Economics Symposium, Singapore"
harvard_antras_pol,"National Bank of Belgium Conference, Brussels",2024,,https://antras.scholars.harvard.edu/sites/g/files/omnuum5876/files/2025-12/CV_Antras_November_2025%283%29.pdf,"2024: Keynote/Lecture — National Bank of Belgium Conference, Brussels"
harvard_antras_pol,"Tinbergen Lecture, The Hague",2024,,https://antras.scholars.harvard.edu/sites/g/files/omnuum5876/files/2025-12/CV_Antras_November_2025%283%29.pdf,"2024: Keynote/Lecture — Tinbergen Lecture, The Hague"
harvard_antras_pol,"Global Value-Chain Training and Research Workshop, Beijing",2023,,https://antras.scholars.harvard.edu/sites/g/files/omnuum5876/files/2025-12/CV_Antras_November_2025%283%29.pdf,"2023: Keynote/Lecture — Global Value-Chain Training and Research Workshop, Beijing"
harvard_antras_pol,"XVII Danish International Economics Workshop, Aarhus",2023,,https://antras.scholars.harvard.edu/sites/g/files/omnuum5876/files/2025-12/CV_Antras_November_2025%283%29.pdf,"2023: Keynote/Lecture — XVII Danish International Economics Workshop, Aarhus"
harvard_antras_pol,"ECARES @30, Brussels",2023,,https://antras.scholars.harvard.edu/sites/g/files/omnuum5876/files/2025-12/CV_Antras_November_2025%283%29.pdf,"2023: Keynote/Lecture — ECARES @30, Brussels"
harvard_antras_pol,"EUI-IHEID Workshop on Trade and Development, Florence",2023,,https://antras.scholars.harvard.edu/sites/g/files/omnuum5876/files/2025-12/CV_Antras_November_2025%283%29.pdf,"2023: Keynote/Lecture — EUI-IHEID Workshop on Trade and Development, Florence"
harvard_antras_pol,"Korea International Economic Association, Seoul",2022,,https://antras.scholars.harvard.edu/sites/g/files/omnuum5876/files/2025-12/CV_Antras_November_2025%283%29.pdf,"2022: Keynote/Lecture — Korea International Economic Association, Seoul"
harvard_antras_pol,"Luca d'Agliano Lecture, Torino",2022,,https://antras.scholars.harvard.edu/sites/g/files/omnuum5876/files/2025-12/CV_Antras_November_2025%283%29.pdf,"2022: Keynote/Lecture — Luca d'Agliano Lecture, Torino"
harvard_antras_pol,"CEPR/World Bank/Banque de France/Surrey Conference, Paris",2022,,https://antras.scholars.harvard.edu/sites/g/files/omnuum5876/files/2025-12/CV_Antras_November_2025%283%29.pdf,"2022: Keynote/Lecture — CEPR/World Bank/Banque de France/Surrey Conference, Paris"
harvard_antras_pol,"Global Economic Networks (GEN) Workshop, Hamburg",2022,,https://antras.scholars.harvard.edu/sites/g/files/omnuum5876/files/2025-12/CV_Antras_November_2025%283%29.pdf,"2022: Keynote/Lecture — Global Economic Networks (GEN) Workshop, Hamburg"
harvard_antras_pol,"Workers and Firms in Global Production Networks Conference, Gdansk",2021,,https://antras.scholars.harvard.edu/sites/g/files/omnuum5876/files/2025-12/CV_Antras_November_2025%283%29.pdf,"2021: Keynote/Lecture — Workers and Firms in Global Production Networks Conference, Gdansk"
harvard_antras_pol,"Global Value-Chain Training and Research Workshop, Beijing",2021,,https://antras.scholars.harvard.edu/sites/g/files/omnuum5876/files/2025-12/CV_Antras_November_2025%283%29.pdf,"2021: Keynote/Lecture — Global Value-Chain Training and Research Workshop, Beijing"
harvard_antras_pol,"Global Value Chains Conference, Banca d'Italia, Rome",2021,,https://antras.scholars.harvard.edu/sites/g/files/omnuum5876/files/2025-12/CV_Antras_November_2025%283%29.pdf,"2021: Keynote/Lecture — Global Value Chains Conference, Banca d'Italia, Rome"
harvard_antras_pol,"EIIT Conference, Indian Institute of Foreign Trade, Kolkata",2021,,https://antras.scholars.harvard.edu/sites/g/files/omnuum5876/files/2025-12/CV_Antras_November_2025%283%29.pdf,"2021: Keynote/Lecture — EIIT Conference, Indian Institute of Foreign Trade, Kolkata"
harvard_antras_pol,"Sixth Workshop on Relational Contracts, Moscow",2020,,https://antras.scholars.harvard.edu/sites/g/files/omnuum5876/files/2025-12/CV_Antras_November_2025%283%29.pdf,"2020: Keynote/Lecture — Sixth Workshop on Relational Contracts, Moscow"
harvard_antras_pol,International Agricultural Trade Research Consortium Conference,2020,,https://antras.scholars.harvard.edu/sites/g/files/omnuum5876/files/2025-12/CV_Antras_November_2025%283%29.pdf,2020: Keynote/Lecture — International Agricultural Trade Research Consortium Conference
harvard_antras_pol,"WIIW-OENB Global Economy Lecture, Vienna",2020,,https://antras.scholars.harvard.edu/sites/g/files/omnuum5876/files/2025-12/CV_Antras_November_2025%283%29.pdf,"2020: Keynote/Lecture — WIIW-OENB Global Economy Lecture, Vienna"
harvard_antras_pol,"III Workshop on Innovation and Firm Performance, Reus",2019,,https://antras.scholars.harvard.edu/sites/g/files/omnuum5876/files/2025-12/CV_Antras_November_2025%283%29.pdf,"2019: Keynote/Lecture — III Workshop on Innovation and Firm Performance, Reus"
harvard_antras_pol,"Conference on International Economic Integration, Tübingen",2019,,https://antras.scholars.harvard.edu/sites/g/files/omnuum5876/files/2025-12/CV_Antras_November_2025%283%29.pdf,"2019: Keynote/Lecture — Conference on International Economic Integration, Tübingen"
harvard_antras_pol,"IEFS-EAER Conference, Seoul",2019,,https://antras.scholars.harvard.edu/sites/g/files/omnuum5876/files/2025-12/CV_Antras_November_2025%283%29.pdf,"2019: Keynote/Lecture — IEFS-EAER Conference, Seoul"
harvard_antras_pol,"BGSE Summer Forum, Firms in the Global Economy, Barcelona",2019,,https://antras.scholars.harvard.edu/sites/g/files/omnuum5876/files/2025-12/CV_Antras_November_2025%283%29.pdf,"2019: Keynote/Lecture — BGSE Summer Forum, Firms in the Global Economy, Barcelona"
harvard_antras_pol,"Ohlin Lecture, Stockholm",2018,,https://antras.scholars.harvard.edu/sites/g/files/omnuum5876/files/2025-12/CV_Antras_November_2025%283%29.pdf,"2018: Keynote/Lecture — Ohlin Lecture, Stockholm"
harvard_antras_pol,"RIETI International Workshop on Firm Dynamics, Tokyo",2018,,https://antras.scholars.harvard.edu/sites/g/files/omnuum5876/files/2025-12/CV_Antras_November_2025%283%29.pdf,"2018: Keynote/Lecture — RIETI International Workshop on Firm Dynamics, Tokyo"
harvard_antras_pol,"Spring Meeting of Young Economists, Mallorca",2018,,https://antras.scholars.harvard.edu/sites/g/files/omnuum5876/files/2025-12/CV_Antras_November_2025%283%29.pdf,"2018: Keynote/Lecture — Spring Meeting of Young Economists, Mallorca"
harvard_antras_pol,"XXI Encuentros de Economía Aplicada, Madrid",2018,,https://antras.scholars.harvard.edu/sites/g/files/omnuum5876/files/2025-12/CV_Antras_November_2025%283%29.pdf,"2018: Keynote/Lecture — XXI Encuentros de Economía Aplicada, Madrid"
harvard_antras_pol,"InsTED Network Annual Conference, Syracuse",2018,,https://antras.scholars.harvard.edu/sites/g/files/omnuum5876/files/2025-12/CV_Antras_November_2025%283%29.pdf,"2018: Keynote/Lecture — InsTED Network Annual Conference, Syracuse"
harvard_antras_pol,"NAREA Annual Meeting and Conference, Philadelphia",2018,,https://antras.scholars.harvard.edu/sites/g/files/omnuum5876/files/2025-12/CV_Antras_November_2025%283%29.pdf,"2018: Keynote/Lecture — NAREA Annual Meeting and Conference, Philadelphia"
harvard_antras_pol,"Fifth Fanhai Economics and Finance Workshop, Shanghai",2018,,https://antras.scholars.harvard.edu/sites/g/files/omnuum5876/files/2025-12/CV_Antras_November_2025%283%29.pdf,"2018: Keynote/Lecture — Fifth Fanhai Economics and Finance Workshop, Shanghai"
harvard_antras_pol,"International Economics and Finance Society China, Beijing",2018,,https://antras.scholars.harvard.edu/sites/g/files/omnuum5876/files/2025-12/CV_Antras_November_2025%283%29.pdf,"2018: Keynote/Lecture — International Economics and Finance Society China, Beijing"
harvard_antras_pol,"Global Value-Chain Training and Research Workshop, Beijing",2018,,https://antras.scholars.harvard.edu/sites/g/files/omnuum5876/files/2025-12/CV_Antras_November_2025%283%29.pdf,"2018: Keynote/Lecture — Global Value-Chain Training and Research Workshop, Beijing"
harvard_antras_pol,"First Annual Workshop of Central Banks Cluster 2, Madrid",2017,,https://antras.scholars.harvard.edu/sites/g/files/omnuum5876/files/2025-12/CV_Antras_November_2025%283%29.pdf,"2017: Keynote/Lecture — First Annual Workshop of Central Banks Cluster 2, Madrid"
harvard_antras_pol,"1st Catalan Economic Society Conference, Barcelona",2017,,https://antras.scholars.harvard.edu/sites/g/files/omnuum5876/files/2025-12/CV_Antras_November_2025%283%29.pdf,"2017: Keynote/Lecture — 1st Catalan Economic Society Conference, Barcelona"
harvard_antras_pol,"IMF Institute Lecture, Washington D.C.",2017,,https://antras.scholars.harvard.edu/sites/g/files/omnuum5876/files/2025-12/CV_Antras_November_2025%283%29.pdf,"2017: Keynote/Lecture — IMF Institute Lecture, Washington D.C."
harvard_antras_pol,"CUHK Conference on Trade and Development, Hong Kong",2016,,https://antras.scholars.harvard.edu/sites/g/files/omnuum5876/files/2025-12/CV_Antras_November_2025%283%29.pdf,"2016: Keynote/Lecture — CUHK Conference on Trade and Development, Hong Kong"
harvard_antras_pol,9th Biennial Conference of Hong Kong Economic Association,2016,,https://antras.scholars.harvard.edu/sites/g/files/omnuum5876/files/2025-12/CV_Antras_November_2025%283%29.pdf,2016: Keynote/Lecture — 9th Biennial Conference of Hong Kong Economic Association
harvard_antras_pol,"Global Value-Chain Training and Research Workshop, Beijing",2016,,https://antras.scholars.harvard.edu/sites/g/files/omnuum5876/files/2025-12/CV_Antras_November_2025%283%29.pdf,"2016: Keynote/Lecture — Global Value-Chain Training and Research Workshop, Beijing"
harvard_antras_pol,"International Input-Output Association, Seoul",2016,,https://antras.scholars.harvard.edu/sites/g/files/omnuum5876/files/2025-12/CV_Antras_November_2025%283%29.pdf,"2016: Keynote/Lecture — International Input-Output Association, Seoul"
harvard_antras_pol,"IMF Institute Lecture, Washington D.C.",2016,,https://antras.scholars.harvard.edu/sites/g/files/omnuum5876/files/2025-12/CV_Antras_November_2025%283%29.pdf,"2016: Keynote/Lecture — IMF Institute Lecture, Washington D.C."
harvard_antras_pol,"CEPR-World Bank Conference on Global Value Chains, Washington D.C",2016,,https://antras.scholars.harvard.edu/sites/g/files/omnuum5876/files/2025-12/CV_Antras_November_2025%283%29.pdf,"2016: Keynote/Lecture — CEPR-World Bank Conference on Global Value Chains, Washington D.C"
harvard_antras_pol,"Nordic International Trade Seminar, Oslo",2016,,https://antras.scholars.harvard.edu/sites/g/files/omnuum5876/files/2025-12/CV_Antras_November_2025%283%29.pdf,"2016: Keynote/Lecture — Nordic International Trade Seminar, Oslo"
harvard_antras_pol,"International Trade Study Group, Rome",2015,,https://antras.scholars.harvard.edu/sites/g/files/omnuum5876/files/2025-12/CV_Antras_November_2025%283%29.pdf,"2015: Keynote/Lecture — International Trade Study Group, Rome"
harvard_antras_pol,"CESifo New Developments in Global Sourcing Conference, Venice",2015,,https://antras.scholars.harvard.edu/sites/g/files/omnuum5876/files/2025-12/CV_Antras_November_2025%283%29.pdf,"2015: Keynote/Lecture — CESifo New Developments in Global Sourcing Conference, Venice"
harvard_antras_pol,"XVI Conference on International Economics, San Sebastián",2015,,https://antras.scholars.harvard.edu/sites/g/files/omnuum5876/files/2025-12/CV_Antras_November_2025%283%29.pdf,"2015: Keynote/Lecture — XVI Conference on International Economics, San Sebastián"
harvard_antras_pol,"European School on New Institutional Economics, Cargese",2015,,https://antras.scholars.harvard.edu/sites/g/files/omnuum5876/files/2025-12/CV_Antras_November_2025%283%29.pdf,"2015: Keynote/Lecture — European School on New Institutional Economics, Cargese"
harvard_antras_pol,"Columbia-Tsinghua Conference on International Economics, Beijing",2014,,https://antras.scholars.harvard.edu/sites/g/files/omnuum5876/files/2025-12/CV_Antras_November_2025%283%29.pdf,"2014: Keynote/Lecture — Columbia-Tsinghua Conference on International Economics, Beijing"
harvard_antras_pol,"Global Value-Chain Training and Research Workshop, Beijing",2014,,https://antras.scholars.harvard.edu/sites/g/files/omnuum5876/files/2025-12/CV_Antras_November_2025%283%29.pdf,"2014: Keynote/Lecture — Global Value-Chain Training and Research Workshop, Beijing"
harvard_antras_pol,"North American Econometric Society Summer Meeting, Minneapolis",2014,,https://antras.scholars.harvard.edu/sites/g/files/omnuum5876/files/2025-12/CV_Antras_November_2025%283%29.pdf,"2014: Keynote/Lecture — North American Econometric Society Summer Meeting, Minneapolis"
harvard_antras_pol,"CREI Lectures in Macroeconomics, Barcelona",2012,,https://antras.scholars.harvard.edu/sites/g/files/omnuum5876/files/2025-12/CV_Antras_November_2025%283%29.pdf,"2012: Keynote/Lecture — CREI Lectures in Macroeconomics, Barcelona"
harvard_antras_pol,"Aix-Marseille School of Economics Globalization Lecture, Marseille",2012,,https://antras.scholars.harvard.edu/sites/g/files/omnuum5876/files/2025-12/CV_Antras_November_2025%283%29.pdf,"2012: Keynote/Lecture — Aix-Marseille School of Economics Globalization Lecture, Marseille"
harvard_antras_pol,"CESifo Trade and Finance Conference, Nottingham",2011,,https://antras.scholars.harvard.edu/sites/g/files/omnuum5876/files/2025-12/CV_Antras_November_2025%283%29.pdf,"2011: Keynote/Lecture — CESifo Trade and Finance Conference, Nottingham"
harvard_antras_pol,"SERIEs Lecture at the Spanish Economic Association Annual Congress, Madrid",2010,,https://antras.scholars.harvard.edu/sites/g/files/omnuum5876/files/2025-12/CV_Antras_November_2025%283%29.pdf,"2010: Keynote/Lecture — SERIEs Lecture at the Spanish Economic Association Annual Congress, Madrid"
harvard_antras_pol,"2nd Annual AlUla Conference for Emerging Market Economies, Al Ula",2026,,https://antras.scholars.harvard.edu/sites/g/files/omnuum5876/files/2025-12/CV_Antras_November_2025%283%29.pdf,"2026: 2nd Annual AlUla Conference for Emerging Market Economies, Al Ula"
harvard_antras_pol,"American Economic Association Meetings, San Francisco",2025,,https://antras.scholars.harvard.edu/sites/g/files/omnuum5876/files/2025-12/CV_Antras_November_2025%283%29.pdf,"2025: American Economic Association Meetings, San Francisco"
harvard_antras_pol,"Clark Center Economic Experts Conference, Chicago",2025,,https://antras.scholars.harvard.edu/sites/g/files/omnuum5876/files/2025-12/CV_Antras_November_2025%283%29.pdf,"2025: Clark Center Economic Experts Conference, Chicago"
harvard_antras_pol,"American Economic Association Meetings, San Antonio",2024,,https://antras.scholars.harvard.edu/sites/g/files/omnuum5876/files/2025-12/CV_Antras_November_2025%283%29.pdf,"2024: American Economic Association Meetings, San Antonio"
harvard_antras_pol,"PIIE-IMF Steering Structural Change Conference, Washington DC",2024,,https://antras.scholars.harvard.edu/sites/g/files/omnuum5876/files/2025-12/CV_Antras_November_2025%283%29.pdf,"2024: PIIE-IMF Steering Structural Change Conference, Washington DC"
harvard_antras_pol,"Society of Economic Dynamics (SED), Barcelona",2024,,https://antras.scholars.harvard.edu/sites/g/files/omnuum5876/files/2025-12/CV_Antras_November_2025%283%29.pdf,"2024: Society of Economic Dynamics (SED), Barcelona"
harvard_antras_pol,"Alfred P. Sloan & Janeway Institute Conference, University of Cambridge",2024,,https://antras.scholars.harvard.edu/sites/g/files/omnuum5876/files/2025-12/CV_Antras_November_2025%283%29.pdf,"2024: Alfred P. Sloan & Janeway Institute Conference, University of Cambridge"
harvard_antras_pol,"Second GCAP Annual Conference, New York",2024,,https://antras.scholars.harvard.edu/sites/g/files/omnuum5876/files/2025-12/CV_Antras_November_2025%283%29.pdf,"2024: Second GCAP Annual Conference, New York"
harvard_antras_pol,"American Economic Association Meetings, New Orleans",2023,,https://antras.scholars.harvard.edu/sites/g/files/omnuum5876/files/2025-12/CV_Antras_November_2025%283%29.pdf,"2023: American Economic Association Meetings, New Orleans"
harvard_antras_pol,"Catalan Economic Society, Barcelona",2023,,https://antras.scholars.harvard.edu/sites/g/files/omnuum5876/files/2025-12/CV_Antras_November_2025%283%29.pdf,"2023: Catalan Economic Society, Barcelona"
harvard_antras_pol,"CEPR ERWIT Meeting, Torino",2023,,https://antras.scholars.harvard.edu/sites/g/files/omnuum5876/files/2025-12/CV_Antras_November_2025%283%29.pdf,"2023: CEPR ERWIT Meeting, Torino"
harvard_antras_pol,"European Economic Association Conference, Barcelona",2023,,https://antras.scholars.harvard.edu/sites/g/files/omnuum5876/files/2025-12/CV_Antras_November_2025%283%29.pdf,"2023: European Economic Association Conference, Barcelona"
harvard_antras_pol,"International Economic Association, Medellín",2023,,https://antras.scholars.harvard.edu/sites/g/files/omnuum5876/files/2025-12/CV_Antras_November_2025%283%29.pdf,"2023: International Economic Association, Medellín"
harvard_antras_pol,"Nobel Symposium on COVID-19, Stockholm",2022,,https://antras.scholars.harvard.edu/sites/g/files/omnuum5876/files/2025-12/CV_Antras_November_2025%283%29.pdf,"2022: Nobel Symposium on COVID-19, Stockholm"
harvard_antras_pol,"Frontier Dialogue on Globalization, Luohan Academy",2022,,https://antras.scholars.harvard.edu/sites/g/files/omnuum5876/files/2025-12/CV_Antras_November_2025%283%29.pdf,"2022: Frontier Dialogue on Globalization, Luohan Academy"
harvard_antras_pol,"Gene Grossman's 65th Birthday Conference, Princeton",2022,,https://antras.scholars.harvard.edu/sites/g/files/omnuum5876/files/2025-12/CV_Antras_November_2025%283%29.pdf,"2022: Gene Grossman's 65th Birthday Conference, Princeton"
harvard_antras_pol,"Dallas Fed Conference on Supply Chains, San Antonio",2022,,https://antras.scholars.harvard.edu/sites/g/files/omnuum5876/files/2025-12/CV_Antras_November_2025%283%29.pdf,"2022: Dallas Fed Conference on Supply Chains, San Antonio"
harvard_antras_pol,"Fifth Banco de España Annual Research Conference, Madrid",2022,,https://antras.scholars.harvard.edu/sites/g/files/omnuum5876/files/2025-12/CV_Antras_November_2025%283%29.pdf,"2022: Fifth Banco de España Annual Research Conference, Madrid"
harvard_antras_pol,"CEPR ERWIT Conference, Milan",2021,,https://antras.scholars.harvard.edu/sites/g/files/omnuum5876/files/2025-12/CV_Antras_November_2025%283%29.pdf,"2021: CEPR ERWIT Conference, Milan"
harvard_antras_pol,"The Economics of Creative Destruction Conference, Paris",2021,,https://antras.scholars.harvard.edu/sites/g/files/omnuum5876/files/2025-12/CV_Antras_November_2025%283%29.pdf,"2021: The Economics of Creative Destruction Conference, Paris"
harvard_antras_pol,"Banque de France/CEPR Conference on International Trade: The New Normal, Paris",2021,,https://antras.scholars.harvard.edu/sites/g/files/omnuum5876/files/2025-12/CV_Antras_November_2025%283%29.pdf,"2021: Banque de France/CEPR Conference on International Trade: The New Normal, Paris"
harvard_antras_pol,"G7 Conference on Safe Openness in Global Trade and Finance, Bank of England, London",2021,,https://antras.scholars.harvard.edu/sites/g/files/omnuum5876/files/2025-12/CV_Antras_November_2025%283%29.pdf,"2021: G7 Conference on Safe Openness in Global Trade and Finance, Bank of England, London"
harvard_antras_pol,IMF Virtual Workshop on Divergent Recoveries and Global Imbalances,2021,,https://antras.scholars.harvard.edu/sites/g/files/omnuum5876/files/2025-12/CV_Antras_November_2025%283%29.pdf,2021: IMF Virtual Workshop on Divergent Recoveries and Global Imbalances
harvard_antras_pol,"American Economic Association Meetings (IEFS session), San Diego",2020,,https://antras.scholars.harvard.edu/sites/g/files/omnuum5876/files/2025-12/CV_Antras_November_2025%283%29.pdf,"2020: American Economic Association Meetings (IEFS session), San Diego"
harvard_antras_pol,"NBER ITI Summer Meeting, Cambridge",2020,,https://antras.scholars.harvard.edu/sites/g/files/omnuum5876/files/2025-12/CV_Antras_November_2025%283%29.pdf,"2020: NBER ITI Summer Meeting, Cambridge"
harvard_antras_pol,"Sardinian Empirical Trade Conference, Cagliari",2020,,https://antras.scholars.harvard.edu/sites/g/files/omnuum5876/files/2025-12/CV_Antras_November_2025%283%29.pdf,"2020: Sardinian Empirical Trade Conference, Cagliari"
harvard_antras_pol,"ECB Forum on Central Banking 2020, Sintra",2020,,https://antras.scholars.harvard.edu/sites/g/files/omnuum5876/files/2025-12/CV_Antras_November_2025%283%29.pdf,"2020: ECB Forum on Central Banking 2020, Sintra"
harvard_antras_pol,"Organizational Economics Conference, Queens University, Kingston",2019,,https://antras.scholars.harvard.edu/sites/g/files/omnuum5876/files/2025-12/CV_Antras_November_2025%283%29.pdf,"2019: Organizational Economics Conference, Queens University, Kingston"
harvard_antras_pol,"Bank of Korea Conference on Global Economic Linkages, Seoul",2019,,https://antras.scholars.harvard.edu/sites/g/files/omnuum5876/files/2025-12/CV_Antras_November_2025%283%29.pdf,"2019: Bank of Korea Conference on Global Economic Linkages, Seoul"
harvard_antras_pol,"Federal Reserve of Philadelphia International Trade Workshop, Philadelphia",2019,,https://antras.scholars.harvard.edu/sites/g/files/omnuum5876/files/2025-12/CV_Antras_November_2025%283%29.pdf,"2019: Federal Reserve of Philadelphia International Trade Workshop, Philadelphia"
harvard_antras_pol,"University of Tokyo Workshop on Global Value Chains, Tokyo",2019,,https://antras.scholars.harvard.edu/sites/g/files/omnuum5876/files/2025-12/CV_Antras_November_2025%283%29.pdf,"2019: University of Tokyo Workshop on Global Value Chains, Tokyo"
harvard_antras_pol,"American Economic Association Meetings, Philadelphia",2018,,https://antras.scholars.harvard.edu/sites/g/files/omnuum5876/files/2025-12/CV_Antras_November_2025%283%29.pdf,"2018: American Economic Association Meetings, Philadelphia"
harvard_antras_pol,"Conference on International Trade – 200 Years After Ricardo, University of Vienna",2017,,https://antras.scholars.harvard.edu/sites/g/files/omnuum5876/files/2025-12/CV_Antras_November_2025%283%29.pdf,"2017: Conference on International Trade – 200 Years After Ricardo, University of Vienna"
harvard_antras_pol,"IES Summer Trade Workshop, Princeton",2017,,https://antras.scholars.harvard.edu/sites/g/files/omnuum5876/files/2025-12/CV_Antras_November_2025%283%29.pdf,"2017: IES Summer Trade Workshop, Princeton"
harvard_antras_pol,"European Economic Association Meetings, Lisbon",2017,,https://antras.scholars.harvard.edu/sites/g/files/omnuum5876/files/2025-12/CV_Antras_November_2025%283%29.pdf,"2017: European Economic Association Meetings, Lisbon"
harvard_antras_pol,"Workshop on Social and Economic Networks, BFI, Chicago",2017,,https://antras.scholars.harvard.edu/sites/g/files/omnuum5876/files/2025-12/CV_Antras_November_2025%283%29.pdf,"2017: Workshop on Social and Economic Networks, BFI, Chicago"
harvard_antras_pol,"Second ECB Annual Research Conference, Frankfurt",2017,,https://antras.scholars.harvard.edu/sites/g/files/omnuum5876/files/2025-12/CV_Antras_November_2025%283%29.pdf,"2017: Second ECB Annual Research Conference, Frankfurt"
harvard_antras_pol,"Hitotsubashi Conference on International Trade and FDI, Tokyo",2017,,https://antras.scholars.harvard.edu/sites/g/files/omnuum5876/files/2025-12/CV_Antras_November_2025%283%29.pdf,"2017: Hitotsubashi Conference on International Trade and FDI, Tokyo"
harvard_antras_pol,Federal Reserve Bank of Dallas – U. of Houston Conference on International Economics,2016,,https://antras.scholars.harvard.edu/sites/g/files/omnuum5876/files/2025-12/CV_Antras_November_2025%283%29.pdf,2016: Federal Reserve Bank of Dallas – U. of Houston Conference on International Economics
harvard_antras_pol,"North American Econometric Society Summer Meeting, Philadelphia",2016,,https://antras.scholars.harvard.edu/sites/g/files/omnuum5876/files/2025-12/CV_Antras_November_2025%283%29.pdf,"2016: North American Econometric Society Summer Meeting, Philadelphia"
harvard_antras_pol,"Becker-Friedman Institute Trade Conference, Chicago",2015,,https://antras.scholars.harvard.edu/sites/g/files/omnuum5876/files/2025-12/CV_Antras_November_2025%283%29.pdf,"2015: Becker-Friedman Institute Trade Conference, Chicago"
harvard_antras_pol,"Conference on Trade and Institutions, Ferrara",2015,,https://antras.scholars.harvard.edu/sites/g/files/omnuum5876/files/2025-12/CV_Antras_November_2025%283%29.pdf,"2015: Conference on Trade and Institutions, Ferrara"
harvard_antras_pol,"CEPR ERWIT Meeting, Paris",2015,,https://antras.scholars.harvard.edu/sites/g/files/omnuum5876/files/2025-12/CV_Antras_November_2025%283%29.pdf,"2015: CEPR ERWIT Meeting, Paris"
harvard_antras_pol,"Barcelona GSE Summer Forum, Barcelona",2015,,https://antras.scholars.harvard.edu/sites/g/files/omnuum5876/files/2025-12/CV_Antras_November_2025%283%29.pdf,"2015: Barcelona GSE Summer Forum, Barcelona"
harvard_antras_pol,"NBER Organizational Economics Conference, Cambridge",2015,,https://antras.scholars.harvard.edu/sites/g/files/omnuum5876/files/2025-12/CV_Antras_November_2025%283%29.pdf,"2015: NBER Organizational Economics Conference, Cambridge"
harvard_antras_pol,"NBER-China Conference, Beijing",2014,,https://antras.scholars.harvard.edu/sites/g/files/omnuum5876/files/2025-12/CV_Antras_November_2025%283%29.pdf,"2014: NBER-China Conference, Beijing"
harvard_antras_pol,"CEPR-ECARES Conference, Brussels",2014,,https://antras.scholars.harvard.edu/sites/g/files/omnuum5876/files/2025-12/CV_Antras_November_2025%283%29.pdf,"2014: CEPR-ECARES Conference, Brussels"
harvard_antras_pol,"NBER Development Meets Organizational Economics Workshop, Cambridge",2013,,https://antras.scholars.harvard.edu/sites/g/files/omnuum5876/files/2025-12/CV_Antras_November_2025%283%29.pdf,"2013: NBER Development Meets Organizational Economics Workshop, Cambridge"
harvard_antras_pol,"Grossman and Hart at 25 Conference, Brussels",2011,,https://antras.scholars.harvard.edu/sites/g/files/omnuum5876/files/2025-12/CV_Antras_November_2025%283%29.pdf,"2011: Grossman and Hart at 25 Conference, Brussels"
harvard_antras_pol,"IES Summer Trade Workshop, Princeton",2011,,https://antras.scholars.harvard.edu/sites/g/files/omnuum5876/files/2025-12/CV_Antras_November_2025%283%29.pdf,"2011: IES Summer Trade Workshop, Princeton"
harvard_antras_pol,"CEPR Conference on Institutions and Capital Flows, Barcelona",2011,,https://antras.scholars.harvard.edu/sites/g/files/omnuum5876/files/2025-12/CV_Antras_November_2025%283%29.pdf,"2011: CEPR Conference on Institutions and Capital Flows, Barcelona"
harvard_antras_pol,"NBER ITI Summer Meeting, Cambridge",2010,,https://antras.scholars.harvard.edu/sites/g/files/omnuum5876/files/2025-12/CV_Antras_November_2025%283%29.pdf,"2010: NBER ITI Summer Meeting, Cambridge"
harvard_antras_pol,"American Economic Association Meetings, San Francisco",2009,,https://antras.scholars.harvard.edu/sites/g/files/omnuum5876/files/2025-12/CV_Antras_November_2025%283%29.pdf,"2009: American Economic Association Meetings, San Francisco"
harvard_antras_pol,"ADB Conference on Asian Integration, Hong Kong",2009,,https://antras.scholars.harvard.edu/sites/g/files/omnuum5876/files/2025-12/CV_Antras_November_2025%283%29.pdf,"2009: ADB Conference on Asian Integration, Hong Kong"
harvard_antras_pol,"American Economic Association Meetings, New Orleans",2008,,https://antras.scholars.harvard.edu/sites/g/files/omnuum5876/files/2025-12/CV_Antras_November_2025%283%29.pdf,"2008: American Economic Association Meetings, New Orleans"
harvard_antras_pol,"NBER ITI Spring Meeting, Cambridge",2008,,https://antras.scholars.harvard.edu/sites/g/files/omnuum5876/files/2025-12/CV_Antras_November_2025%283%29.pdf,"2008: NBER ITI Spring Meeting, Cambridge"
harvard_antras_pol,"Society of Economic Dynamics Meeting, Cambridge",2008,,https://antras.scholars.harvard.edu/sites/g/files/omnuum5876/files/2025-12/CV_Antras_November_2025%283%29.pdf,"2008: Society of Economic Dynamics Meeting, Cambridge"
harvard_antras_pol,"European Trade Study Group Annual Conference, Warsaw",2008,,https://antras.scholars.harvard.edu/sites/g/files/omnuum5876/files/2025-12/CV_Antras_November_2025%283%29.pdf,"2008: European Trade Study Group Annual Conference, Warsaw"
harvard_antras_pol,"LACEA/LAMES Meeting, Rio de Janeiro",2008,,https://antras.scholars.harvard.edu/sites/g/files/omnuum5876/files/2025-12/CV_Antras_November_2025%283%29.pdf,"2008: LACEA/LAMES Meeting, Rio de Janeiro"
harvard_antras_pol,"Globalization and the Organization of Firms and Markets Conference, Munich",2007,,https://antras.scholars.harvard.edu/sites/g/files/omnuum5876/files/2025-12/CV_Antras_November_2025%283%29.pdf,"2007: Globalization and the Organization of Firms and Markets Conference, Munich"
harvard_antras_pol,"Nordic Workshop in International Trade, Stockholm",2007,,https://antras.scholars.harvard.edu/sites/g/files/omnuum5876/files/2025-12/CV_Antras_November_2025%283%29.pdf,"2007: Nordic Workshop in International Trade, Stockholm"
harvard_antras_pol,"NBER ITI Winter Meeting, San Francisco",2007,,https://antras.scholars.harvard.edu/sites/g/files/omnuum5876/files/2025-12/CV_Antras_November_2025%283%29.pdf,"2007: NBER ITI Winter Meeting, San Francisco"
harvard_antras_pol,"American Economic Association Meetings, Boston",2006,,https://antras.scholars.harvard.edu/sites/g/files/omnuum5876/files/2025-12/CV_Antras_November_2025%283%29.pdf,"2006: American Economic Association Meetings, Boston"
harvard_antras_pol,"World Bank Microeconomics of Growth Conference, Washington D.C.",2006,,https://antras.scholars.harvard.edu/sites/g/files/omnuum5876/files/2025-12/CV_Antras_November_2025%283%29.pdf,"2006: World Bank Microeconomics of Growth Conference, Washington D.C."
harvard_antras_pol,"Society of Economic Dynamics Meeting, Vancouver",2006,,https://antras.scholars.harvard.edu/sites/g/files/omnuum5876/files/2025-12/CV_Antras_November_2025%283%29.pdf,"2006: Society of Economic Dynamics Meeting, Vancouver"
harvard_antras_pol,"Hitotsubashi COE/RES Conference on International Trade and FDI, Tokyo",2006,,https://antras.scholars.harvard.edu/sites/g/files/omnuum5876/files/2025-12/CV_Antras_November_2025%283%29.pdf,"2006: Hitotsubashi COE/RES Conference on International Trade and FDI, Tokyo"
harvard_antras_pol,"American Economic Association Meetings, Philadelphia",2005,,https://antras.scholars.harvard.edu/sites/g/files/omnuum5876/files/2025-12/CV_Antras_November_2025%283%29.pdf,"2005: American Economic Association Meetings, Philadelphia"
harvard_antras_pol,Minnesota Workshop in Macroeconomic Theory,2005,,https://antras.scholars.harvard.edu/sites/g/files/omnuum5876/files/2025-12/CV_Antras_November_2025%283%29.pdf,2005: Minnesota Workshop in Macroeconomic Theory
harvard_antras_pol,"British Association for the Advancement of Science, Dublin",2005,,https://antras.scholars.harvard.edu/sites/g/files/omnuum5876/files/2025-12/CV_Antras_November_2025%283%29.pdf,"2005: British Association for the Advancement of Science, Dublin"
harvard_antras_pol,"European Trade Study Group Annual Conference, Dublin",2005,,https://antras.scholars.harvard.edu/sites/g/files/omnuum5876/files/2025-12/CV_Antras_November_2025%283%29.pdf,"2005: European Trade Study Group Annual Conference, Dublin"
harvard_antras_pol,"North American Summer Meeting of the Econometric Society, Providence",2004,,https://antras.scholars.harvard.edu/sites/g/files/omnuum5876/files/2025-12/CV_Antras_November_2025%283%29.pdf,"2004: North American Summer Meeting of the Econometric Society, Providence"
harvard_antras_pol,"CEPR Globalization and the Organization of Firms and Markets Meeting, Munich",2004,,https://antras.scholars.harvard.edu/sites/g/files/omnuum5876/files/2025-12/CV_Antras_November_2025%283%29.pdf,"2004: CEPR Globalization and the Organization of Firms and Markets Meeting, Munich"
harvard_antras_pol,"Society of Economic Dynamics Meeting, Florence",2004,,https://antras.scholars.harvard.edu/sites/g/files/omnuum5876/files/2025-12/CV_Antras_November_2025%283%29.pdf,"2004: Society of Economic Dynamics Meeting, Florence"
harvard_antras_pol,"CEPR ERWIT Meeting, Venice",2004,,https://antras.scholars.harvard.edu/sites/g/files/omnuum5876/files/2025-12/CV_Antras_November_2025%283%29.pdf,"2004: CEPR ERWIT Meeting, Venice"
harvard_antras_pol,"NBER International Trade and Investment Group Meeting, Palo Alto",2004,,https://antras.scholars.harvard.edu/sites/g/files/omnuum5876/files/2025-12/CV_Antras_November_2025%283%29.pdf,"2004: NBER International Trade and Investment Group Meeting, Palo Alto"
harvard_antras_pol,"NBER International Trade and Organizations Group Meeting, Cambridge",2003,,https://antras.scholars.harvard.edu/sites/g/files/omnuum5876/files/2025-12/CV_Antras_November_2025%283%29.pdf,"2003: NBER International Trade and Organizations Group Meeting, Cambridge"
harvard_antras_pol,"Review of Economic Studies European Tour, London",2003,,https://antras.scholars.harvard.edu/sites/g/files/omnuum5876/files/2025-12/CV_Antras_November_2025%283%29.pdf,"2003: Review of Economic Studies European Tour, London"
harvard_antras_pol,"CIAR meeting, Santiago de Compostela",2003,,https://antras.scholars.harvard.edu/sites/g/files/omnuum5876/files/2025-12/CV_Antras_November_2025%283%29.pdf,"2003: CIAR meeting, Santiago de Compostela"
harvard_antras_pol,"NBER International Trade and Investment Group Meeting, Cambridge",2003,,https://antras.scholars.harvard.edu/sites/g/files/omnuum5876/files/2025-12/CV_Antras_November_2025%283%29.pdf,"2003: NBER International Trade and Investment Group Meeting, Cambridge"
harvard_antras_pol,"NBER International Trade and Organizations Group Meeting, Cambridge",2002,,https://antras.scholars.harvard.edu/sites/g/files/omnuum5876/files/2025-12/CV_Antras_November_2025%283%29.pdf,"2002: NBER International Trade and Organizations Group Meeting, Cambridge"
