prof_id,journal,source_url,source_snippet
harvard_itskhoki_oleg,American Economic Review,https://itskhoki.com/files/cv.pdf,"Excellence in Refereeing Award, American Economic Review (2009, 2010, 2012, 2013, 2018)"
harvard_itskhoki_oleg,Review of Economic Studies,https://itskhoki.com/files/cv.pdf,"Excellence in Refereeing Award, Review of Economic Studies (2014)"
harvard_antras_pol,American Economic Review,https://antras.scholars.harvard.edu/sites/g/files/omnuum5876/files/2025-12/CV_Antras_November_2025%283%29.pdf,"Referee: American Economic Review, B.E. Journals in Macroeconomics, ... (list on CV)"
harvard_antras_pol,B.E. Journals in Macroeconomics,https://antras.scholars.harvard.edu/sites/g/files/omnuum5876/files/2025-12/CV_Antras_November_2025%283%29.pdf,"Referee: American Economic Review, B.E. Journals in Macroeconomics, ... (list on CV)"
harvard_antras_pol,DT Banco de España,https://antras.scholars.harvard.edu/sites/g/files/omnuum5876/files/2025-12/CV_Antras_November_2025%283%29.pdf,"Referee: American Economic Review, B.E. Journals in Macroeconomics, ... (list on CV)"
harvard_antras_pol,Econometrica,https://antras.scholars.harvard.edu/sites/g/files/omnuum5876/files/2025-12/CV_Antras_November_2025%283%29.pdf,"Referee: American Economic Review, B.E. Journals in Macroeconomics, ... (list on CV)"
harvard_antras_pol,Economic Journal,https://antras.scholars.harvard.edu/sites/g/files/omnuum5876/files/2025-12/CV_Antras_November_2025%283%29.pdf,"Referee: American Economic Review, B.E. Journals in Macroeconomics, ... (list on CV)"
harvard_antras_pol,Economica,https://antras.scholars.harvard.edu/sites/g/files/omnuum5876/files/2025-12/CV_Antras_November_2025%283%29.pdf,"Referee: American Economic Review, B.E. Journals in Macroeconomics, ... (list on CV)"
harvard_antras_pol,Economics of Transition,https://antras.scholars.harvard.edu/sites/g/files/omnuum5876/files/2025-12/CV_Antras_November_2025%283%29.pdf,"Referee: American Economic Review, B.E. Journals in Macroeconomics, ... (list on CV)"
harvard_antras_pol,Economic Theory,https://antras.scholars.harvard.edu/sites/g/files/omnuum5876/files/2025-12/CV_Antras_November_2025%283%29.pdf,"Referee: American Economic Review, B.E. Journals in Macroeconomics, ... (list on CV)"
harvard_antras_pol,European Economic Review,https://antras.scholars.harvard.edu/sites/g/files/omnuum5876/files/2025-12/CV_Antras_November_2025%283%29.pdf,"Referee: American Economic Review, B.E. Journals in Macroeconomics, ... (list on CV)"
harvard_antras_pol,Industrial and Corporate Change,https://antras.scholars.harvard.edu/sites/g/files/omnuum5876/files/2025-12/CV_Antras_November_2025%283%29.pdf,"Referee: American Economic Review, B.E. Journals in Macroeconomics, ... (list on CV)"
harvard_antras_pol,International Economic Review,https://antras.scholars.harvard.edu/sites/g/files/omnuum5876/files/2025-12/CV_Antras_November_2025%283%29.pdf,"Referee: American Economic Review, B.E. Journals in Macroeconomics, ... (list on CV)"
harvard_antras_pol,IMF Staff Papers,https://antras.scholars.harvard.edu/sites/g/files/omnuum5876/files/2025-12/CV_Antras_November_2025%283%29.pdf,"Referee: American Economic Review, B.E. Journals in Macroeconomics, ... (list on CV)"
harvard_antras_pol,Investigaciones Económicas,https://antras.scholars.harvard.edu/sites/g/files/omnuum5876/files/2025-12/CV_Antras_November_2025%283%29.pdf,"Referee: American Economic Review, B.E. Journals in Macroeconomics, ... (list on CV)"
harvard_antras_pol,Journal of Development Economics,https://antras.scholars.harvard.edu/sites/g/files/omnuum5876/files/2025-12/CV_Antras_November_2025%283%29.pdf,"Referee: American Economic Review, B.E. Journals in Macroeconomics, ... (list on CV)"
harvard_antras_pol,Journal of Economic Behavior and Organization,https://antras.scholars.harvard.edu/sites/g/files/omnuum5876/files/2025-12/CV_Antras_November_2025%283%29.pdf,"Referee: American Economic Review, B.E. Journals in Macroeconomics, ... (list on CV)"
harvard_antras_pol,Journal of Economic Growth,https://antras.scholars.harvard.edu/sites/g/files/omnuum5876/files/2025-12/CV_Antras_November_2025%283%29.pdf,"Referee: American Economic Review, B.E. Journals in Macroeconomics, ... (list on CV)"
harvard_antras_pol,Journal of Economic History,https://antras.scholars.harvard.edu/sites/g/files/omnuum5876/files/2025-12/CV_Antras_November_2025%283%29.pdf,"Referee: American Economic Review, B.E. Journals in Macroeconomics, ... (list on CV)"
harvard_antras_pol,Journal of Economic Theory,https://antras.scholars.harvard.edu/sites/g/files/omnuum5876/files/2025-12/CV_Antras_November_2025%283%29.pdf,"Referee: American Economic Review, B.E. Journals in Macroeconomics, ... (list on CV)"
harvard_antras_pol,Journal of Economics,https://antras.scholars.harvard.edu/sites/g/files/omnuum5876/files/2025-12/CV_Antras_November_2025%283%29.pdf,"Referee: American Economic Review, B.E. Journals in Macroeconomics, ... (list on CV)"
harvard_antras_pol,Journal of Economics and Management Strategy,https://antras.scholars.harvard.edu/sites/g/files/omnuum5876/files/2025-12/CV_Antras_November_2025%283%29.pdf,"Referee: American Economic Review, B.E. Journals in Macroeconomics, ... (list on CV)"
harvard_antras_pol,Journal of the European Economic Association,https://antras.scholars.harvard.edu/sites/g/files/omnuum5876/files/2025-12/CV_Antras_November_2025%283%29.pdf,"Referee: American Economic Review, B.E. Journals in Macroeconomics, ... (list on CV)"
harvard_antras_pol,Journal of International Economics,https://antras.scholars.harvard.edu/sites/g/files/omnuum5876/files/2025-12/CV_Antras_November_2025%283%29.pdf,"Referee: American Economic Review, B.E. Journals in Macroeconomics, ... (list on CV)"
harvard_antras_pol,Journal of Monetary Economics,https://antras.scholars.harvard.edu/sites/g/files/omnuum5876/files/2025-12/CV_Antras_November_2025%283%29.pdf,"Referee: American Economic Review, B.E. Journals in Macroeconomics, ... (list on CV)"
harvard_antras_pol,Journal of Political Economy,https://antras.scholars.harvard.edu/sites/g/files/omnuum5876/files/2025-12/CV_Antras_November_2025%283%29.pdf,"Referee: American Economic Review, B.E. Journals in Macroeconomics, ... (list on CV)"
harvard_antras_pol,MIT Press,https://antras.scholars.harvard.edu/sites/g/files/omnuum5876/files/2025-12/CV_Antras_November_2025%283%29.pdf,"Referee: American Economic Review, B.E. Journals in Macroeconomics, ... (list on CV)"
harvard_antras_pol,National Science Foundation,https://antras.scholars.harvard.edu/sites/g/files/omnuum5876/files/2025-12/CV_Antras_November_2025%283%29.pdf,"Referee: American Economic Review, B.E. Journals in Macroeconomics, ... (list on CV)"
harvard_antras_pol,Princeton University Press,https://antras.scholars.harvard.edu/sites/g/files/omnuum5876/files/2025-12/CV_Antras_November_2025%283%29.pdf,"Referee: American Economic Review, B.E. Journals in Macroeconomics, ... (list on CV)"
harvard_antras_pol,Quarterly Journal of Economics,https://antras.scholars.harvard.edu/sites/g/files/omnuum5876/files/2025-12/CV_Antras_November_2025%283%29.pdf,"Referee: American Economic Review, B.E. Journals in Macroeconomics, ... (list on CV)"
harvard_antras_pol,Review of Economics and Statistics,https://antras.scholars.harvard.edu/sites/g/files/omnuum5876/files/2025-12/CV_Antras_November_2025%283%29.pdf,"Referee: American Economic Review, B.E. Journals in Macroeconomics, ... (list on CV)"
harvard_antras_pol,Review of Economic Studies,https://antras.scholars.harvard.edu/sites/g/files/omnuum5876/files/2025-12/CV_Antras_November_2025%283%29.pdf,"Referee: American Economic Review, B.E. Journals in Macroeconomics, ... (list on CV)"
harvard_antras_pol,Review of Industrial Organization,https://antras.scholars.harvard.edu/sites/g/files/omnuum5876/files/2025-12/CV_Antras_November_2025%283%29.pdf,"Referee: American Economic Review, B.E. Journals in Macroeconomics, ... (list on CV)"
harvard_antras_pol,Revista de Economía Aplicada,https://antras.scholars.harvard.edu/sites/g/files/omnuum5876/files/2025-12/CV_Antras_November_2025%283%29.pdf,"Referee: American Economic Review, B.E. Journals in Macroeconomics, ... (list on CV)"
harvard_antras_pol,Social Sciences and Humanities Research Council of Canada,https://antras.scholars.harvard.edu/sites/g/files/omnuum5876/files/2025-12/CV_Antras_November_2025%283%29.pdf,"Referee: American Economic Review, B.E. Journals in Macroeconomics, ... (list on CV)"
harvard_antras_pol,Swiss National Science Foundation,https://antras.scholars.harvard.edu/sites/g/files/omnuum5876/files/2025-12/CV_Antras_November_2025%283%29.pdf,"Referee: American Economic Review, B.E. Journals in Macroeconomics, ... (list on CV)"
harvard_bergeron_augustin,American Economic Journal: Applied Economics,https://www.dropbox.com/scl/fi/hwnhgsgcx9b1pj7gyhunn/Bergeron_CV.pdf?rlkey=s45r4mbnjw0z31qqqpkk1kwui&dl=1,"REFEREE: American Economic Journal: Applied Economics, American Economic Journal: Economic Policy, American Economic Review, ..."
harvard_bergeron_augustin,American Economic Journal: Economic Policy,https://www.dropbox.com/scl/fi/hwnhgsgcx9b1pj7gyhunn/Bergeron_CV.pdf?rlkey=s45r4mbnjw0z31qqqpkk1kwui&dl=1,"REFEREE: American Economic Journal: Applied Economics, American Economic Journal: Economic Policy, American Economic Review, ..."
harvard_bergeron_augustin,American Economic Review,https://www.dropbox.com/scl/fi/hwnhgsgcx9b1pj7gyhunn/Bergeron_CV.pdf?rlkey=s45r4mbnjw0z31qqqpkk1kwui&dl=1,"REFEREE: American Economic Journal: Applied Economics, American Economic Journal: Economic Policy, American Economic Review, ..."
harvard_bergeron_augustin,American Economic Review: Insights,https://www.dropbox.com/scl/fi/hwnhgsgcx9b1pj7gyhunn/Bergeron_CV.pdf?rlkey=s45r4mbnjw0z31qqqpkk1kwui&dl=1,"REFEREE: American Economic Journal: Applied Economics, American Economic Journal: Economic Policy, American Economic Review, ..."
harvard_bergeron_augustin,American Political Science Review,https://www.dropbox.com/scl/fi/hwnhgsgcx9b1pj7gyhunn/Bergeron_CV.pdf?rlkey=s45r4mbnjw0z31qqqpkk1kwui&dl=1,"REFEREE: American Economic Journal: Applied Economics, American Economic Journal: Economic Policy, American Economic Review, ..."
harvard_bergeron_augustin,Econometrica,https://www.dropbox.com/scl/fi/hwnhgsgcx9b1pj7gyhunn/Bergeron_CV.pdf?rlkey=s45r4mbnjw0z31qqqpkk1kwui&dl=1,"REFEREE: American Economic Journal: Applied Economics, American Economic Journal: Economic Policy, American Economic Review, ..."
harvard_bergeron_augustin,Economic Development and Cultural Change,https://www.dropbox.com/scl/fi/hwnhgsgcx9b1pj7gyhunn/Bergeron_CV.pdf?rlkey=s45r4mbnjw0z31qqqpkk1kwui&dl=1,"REFEREE: American Economic Journal: Applied Economics, American Economic Journal: Economic Policy, American Economic Review, ..."
harvard_bergeron_augustin,Economic Journal,https://www.dropbox.com/scl/fi/hwnhgsgcx9b1pj7gyhunn/Bergeron_CV.pdf?rlkey=s45r4mbnjw0z31qqqpkk1kwui&dl=1,"REFEREE: American Economic Journal: Applied Economics, American Economic Journal: Economic Policy, American Economic Review, ..."
harvard_bergeron_augustin,Journal of Development Economics,https://www.dropbox.com/scl/fi/hwnhgsgcx9b1pj7gyhunn/Bergeron_CV.pdf?rlkey=s45r4mbnjw0z31qqqpkk1kwui&dl=1,"REFEREE: American Economic Journal: Applied Economics, American Economic Journal: Economic Policy, American Economic Review, ..."
harvard_bergeron_augustin,Journal of the European Economic Association,https://www.dropbox.com/scl/fi/hwnhgsgcx9b1pj7gyhunn/Bergeron_CV.pdf?rlkey=s45r4mbnjw0z31qqqpkk1kwui&dl=1,"REFEREE: American Economic Journal: Applied Economics, American Economic Journal: Economic Policy, American Economic Review, ..."
harvard_bergeron_augustin,Journal of Law & Economics & Organization,https://www.dropbox.com/scl/fi/hwnhgsgcx9b1pj7gyhunn/Bergeron_CV.pdf?rlkey=s45r4mbnjw0z31qqqpkk1kwui&dl=1,"REFEREE: American Economic Journal: Applied Economics, American Economic Journal: Economic Policy, American Economic Review, ..."
harvard_bergeron_augustin,Journal of Political Economy,https://www.dropbox.com/scl/fi/hwnhgsgcx9b1pj7gyhunn/Bergeron_CV.pdf?rlkey=s45r4mbnjw0z31qqqpkk1kwui&dl=1,"REFEREE: American Economic Journal: Applied Economics, American Economic Journal: Economic Policy, American Economic Review, ..."
harvard_bergeron_augustin,Journal of Public Economics,https://www.dropbox.com/scl/fi/hwnhgsgcx9b1pj7gyhunn/Bergeron_CV.pdf?rlkey=s45r4mbnjw0z31qqqpkk1kwui&dl=1,"REFEREE: American Economic Journal: Applied Economics, American Economic Journal: Economic Policy, American Economic Review, ..."
harvard_bergeron_augustin,Quarterly Journal of Economics,https://www.dropbox.com/scl/fi/hwnhgsgcx9b1pj7gyhunn/Bergeron_CV.pdf?rlkey=s45r4mbnjw0z31qqqpkk1kwui&dl=1,"REFEREE: American Economic Journal: Applied Economics, American Economic Journal: Economic Policy, American Economic Review, ..."
harvard_bergeron_augustin,Review of Economic Studies,https://www.dropbox.com/scl/fi/hwnhgsgcx9b1pj7gyhunn/Bergeron_CV.pdf?rlkey=s45r4mbnjw0z31qqqpkk1kwui&dl=1,"REFEREE: American Economic Journal: Applied Economics, American Economic Journal: Economic Policy, American Economic Review, ..."
harvard_bergeron_augustin,Review of Economics and Statistics,https://www.dropbox.com/scl/fi/hwnhgsgcx9b1pj7gyhunn/Bergeron_CV.pdf?rlkey=s45r4mbnjw0z31qqqpkk1kwui&dl=1,"REFEREE: American Economic Journal: Applied Economics, American Economic Journal: Economic Policy, American Economic Review, ..."
harvard_bergeron_augustin,World Bank Economic Review,https://www.dropbox.com/scl/fi/hwnhgsgcx9b1pj7gyhunn/Bergeron_CV.pdf?rlkey=s45r4mbnjw0z31qqqpkk1kwui&dl=1,"REFEREE: American Economic Journal: Applied Economics, American Economic Journal: Economic Policy, American Economic Review, ..."
harvard_breza_emily,American Economic Journal: Applied Economics,https://drive.google.com/uc?id=11yxqkygEEMws44-5QfxWg1OzPCkmvQ8z&export=download,"Referee: American Economic Journal (Applied Economics, Economic Policy), American Economic Review, Econometrica..."
harvard_breza_emily,American Economic Journal: Economic Policy,https://drive.google.com/uc?id=11yxqkygEEMws44-5QfxWg1OzPCkmvQ8z&export=download,"Referee: American Economic Journal (Applied Economics, Economic Policy), American Economic Review, Econometrica..."
harvard_breza_emily,American Economic Review,https://drive.google.com/uc?id=11yxqkygEEMws44-5QfxWg1OzPCkmvQ8z&export=download,"Referee: American Economic Journal (Applied Economics, Economic Policy), American Economic Review, Econometrica..."
harvard_breza_emily,Econometrica,https://drive.google.com/uc?id=11yxqkygEEMws44-5QfxWg1OzPCkmvQ8z&export=download,"Referee: American Economic Journal (Applied Economics, Economic Policy), American Economic Review, Econometrica..."
harvard_breza_emily,Economic Development and Cultural Change,https://drive.google.com/uc?id=11yxqkygEEMws44-5QfxWg1OzPCkmvQ8z&export=download,"Referee: American Economic Journal (Applied Economics, Economic Policy), American Economic Review, Econometrica..."
harvard_breza_emily,Economic Journal,https://drive.google.com/uc?id=11yxqkygEEMws44-5QfxWg1OzPCkmvQ8z&export=download,"Referee: American Economic Journal (Applied Economics, Economic Policy), American Economic Review, Econometrica..."
harvard_breza_emily,Journal of Development Economics,https://drive.google.com/uc?id=11yxqkygEEMws44-5QfxWg1OzPCkmvQ8z&export=download,"Referee: American Economic Journal (Applied Economics, Economic Policy), American Economic Review, Econometrica..."
harvard_breza_emily,Journal of Economic Behavior and Organization,https://drive.google.com/uc?id=11yxqkygEEMws44-5QfxWg1OzPCkmvQ8z&export=download,"Referee: American Economic Journal (Applied Economics, Economic Policy), American Economic Review, Econometrica..."
harvard_breza_emily,Journal of Finance,https://drive.google.com/uc?id=11yxqkygEEMws44-5QfxWg1OzPCkmvQ8z&export=download,"Referee: American Economic Journal (Applied Economics, Economic Policy), American Economic Review, Econometrica..."
harvard_breza_emily,Journal of Financial Economics,https://drive.google.com/uc?id=11yxqkygEEMws44-5QfxWg1OzPCkmvQ8z&export=download,"Referee: American Economic Journal (Applied Economics, Economic Policy), American Economic Review, Econometrica..."
harvard_breza_emily,Journal of Human Resources,https://drive.google.com/uc?id=11yxqkygEEMws44-5QfxWg1OzPCkmvQ8z&export=download,"Referee: American Economic Journal (Applied Economics, Economic Policy), American Economic Review, Econometrica..."
harvard_breza_emily,Journal of Law Economics and Organization,https://drive.google.com/uc?id=11yxqkygEEMws44-5QfxWg1OzPCkmvQ8z&export=download,"Referee: American Economic Journal (Applied Economics, Economic Policy), American Economic Review, Econometrica..."
harvard_breza_emily,Journal of Public Economics,https://drive.google.com/uc?id=11yxqkygEEMws44-5QfxWg1OzPCkmvQ8z&export=download,"Referee: American Economic Journal (Applied Economics, Economic Policy), American Economic Review, Econometrica..."
harvard_breza_emily,Oxford Bulletin of Economics and Statistics,https://drive.google.com/uc?id=11yxqkygEEMws44-5QfxWg1OzPCkmvQ8z&export=download,"Referee: American Economic Journal (Applied Economics, Economic Policy), American Economic Review, Econometrica..."
harvard_breza_emily,Review of Economics and Statistics,https://drive.google.com/uc?id=11yxqkygEEMws44-5QfxWg1OzPCkmvQ8z&export=download,"Referee: American Economic Journal (Applied Economics, Economic Policy), American Economic Review, Econometrica..."
harvard_breza_emily,Review of Economic Studies,https://drive.google.com/uc?id=11yxqkygEEMws44-5QfxWg1OzPCkmvQ8z&export=download,"Referee: American Economic Journal (Applied Economics, Economic Policy), American Economic Review, Econometrica..."
harvard_breza_emily,Review of Financial Studies,https://drive.google.com/uc?id=11yxqkygEEMws44-5QfxWg1OzPCkmvQ8z&export=download,"Referee: American Economic Journal (Applied Economics, Economic Policy), American Economic Review, Econometrica..."
harvard_breza_emily,Quarterly Journal of Economics,https://drive.google.com/uc?id=11yxqkygEEMws44-5QfxWg1OzPCkmvQ8z&export=download,"Referee: American Economic Journal (Applied Economics, Economic Policy), American Economic Review, Econometrica..."
harvard_breza_emily,Theoretical Economics,https://drive.google.com/uc?id=11yxqkygEEMws44-5QfxWg1OzPCkmvQ8z&export=download,"Referee: American Economic Journal (Applied Economics, Economic Policy), American Economic Review, Econometrica..."
harvard_breza_emily,World Development,https://drive.google.com/uc?id=11yxqkygEEMws44-5QfxWg1OzPCkmvQ8z&export=download,"Referee: American Economic Journal (Applied Economics, Economic Policy), American Economic Review, Econometrica..."
harvard_chodorow_reich_gabriel,American Economic Journal: Macroeconomics,https://chodorowreich.scholars.harvard.edu/sites/g/files/omnuum7686/files/chodorow-reich/files/cv.pdf,"Referee or ad hoc reviewer: American Economic Journal: Macroeconomics, American Economic Journal: Policy, American Economic Review..."
harvard_chodorow_reich_gabriel,American Economic Journal: Policy,https://chodorowreich.scholars.harvard.edu/sites/g/files/omnuum7686/files/chodorow-reich/files/cv.pdf,"Referee or ad hoc reviewer: American Economic Journal: Macroeconomics, American Economic Journal: Policy, American Economic Review..."
harvard_chodorow_reich_gabriel,American Economic Review,https://chodorowreich.scholars.harvard.edu/sites/g/files/omnuum7686/files/chodorow-reich/files/cv.pdf,"Referee or ad hoc reviewer: American Economic Journal: Macroeconomics, American Economic Journal: Policy, American Economic Review..."
harvard_chodorow_reich_gabriel,Econometrica,https://chodorowreich.scholars.harvard.edu/sites/g/files/omnuum7686/files/chodorow-reich/files/cv.pdf,"Referee or ad hoc reviewer: American Economic Journal: Macroeconomics, American Economic Journal: Policy, American Economic Review..."
harvard_chodorow_reich_gabriel,Economic Journal,https://chodorowreich.scholars.harvard.edu/sites/g/files/omnuum7686/files/chodorow-reich/files/cv.pdf,"Referee or ad hoc reviewer: American Economic Journal: Macroeconomics, American Economic Journal: Policy, American Economic Review..."
harvard_chodorow_reich_gabriel,IMF Economic Review,https://chodorowreich.scholars.harvard.edu/sites/g/files/omnuum7686/files/chodorow-reich/files/cv.pdf,"Referee or ad hoc reviewer: American Economic Journal: Macroeconomics, American Economic Journal: Policy, American Economic Review..."
harvard_chodorow_reich_gabriel,Industrial and Labor Relations Review,https://chodorowreich.scholars.harvard.edu/sites/g/files/omnuum7686/files/chodorow-reich/files/cv.pdf,"Referee or ad hoc reviewer: American Economic Journal: Macroeconomics, American Economic Journal: Policy, American Economic Review..."
harvard_chodorow_reich_gabriel,International Economic Review,https://chodorowreich.scholars.harvard.edu/sites/g/files/omnuum7686/files/chodorow-reich/files/cv.pdf,"Referee or ad hoc reviewer: American Economic Journal: Macroeconomics, American Economic Journal: Policy, American Economic Review..."
harvard_chodorow_reich_gabriel,Journal of Economic Literature,https://chodorowreich.scholars.harvard.edu/sites/g/files/omnuum7686/files/chodorow-reich/files/cv.pdf,"Referee or ad hoc reviewer: American Economic Journal: Macroeconomics, American Economic Journal: Policy, American Economic Review..."
harvard_chodorow_reich_gabriel,Journal of the European Economic Association,https://chodorowreich.scholars.harvard.edu/sites/g/files/omnuum7686/files/chodorow-reich/files/cv.pdf,"Referee or ad hoc reviewer: American Economic Journal: Macroeconomics, American Economic Journal: Policy, American Economic Review..."
harvard_chodorow_reich_gabriel,Journal of Finance,https://chodorowreich.scholars.harvard.edu/sites/g/files/omnuum7686/files/chodorow-reich/files/cv.pdf,"Referee or ad hoc reviewer: American Economic Journal: Macroeconomics, American Economic Journal: Policy, American Economic Review..."
harvard_chodorow_reich_gabriel,Journal of Financial Economics,https://chodorowreich.scholars.harvard.edu/sites/g/files/omnuum7686/files/chodorow-reich/files/cv.pdf,"Referee or ad hoc reviewer: American Economic Journal: Macroeconomics, American Economic Journal: Policy, American Economic Review..."
harvard_chodorow_reich_gabriel,Journal of International Economics,https://chodorowreich.scholars.harvard.edu/sites/g/files/omnuum7686/files/chodorow-reich/files/cv.pdf,"Referee or ad hoc reviewer: American Economic Journal: Macroeconomics, American Economic Journal: Policy, American Economic Review..."
harvard_chodorow_reich_gabriel,Journal of Monetary Economics,https://chodorowreich.scholars.harvard.edu/sites/g/files/omnuum7686/files/chodorow-reich/files/cv.pdf,"Referee or ad hoc reviewer: American Economic Journal: Macroeconomics, American Economic Journal: Policy, American Economic Review..."
harvard_chodorow_reich_gabriel,Journal of Political Economy,https://chodorowreich.scholars.harvard.edu/sites/g/files/omnuum7686/files/chodorow-reich/files/cv.pdf,"Referee or ad hoc reviewer: American Economic Journal: Macroeconomics, American Economic Journal: Policy, American Economic Review..."
harvard_chodorow_reich_gabriel,Journal of Political Economy-Macroeconomics,https://chodorowreich.scholars.harvard.edu/sites/g/files/omnuum7686/files/chodorow-reich/files/cv.pdf,"Referee or ad hoc reviewer: American Economic Journal: Macroeconomics, American Economic Journal: Policy, American Economic Review..."
harvard_chodorow_reich_gabriel,Journal of Public Economics,https://chodorowreich.scholars.harvard.edu/sites/g/files/omnuum7686/files/chodorow-reich/files/cv.pdf,"Referee or ad hoc reviewer: American Economic Journal: Macroeconomics, American Economic Journal: Policy, American Economic Review..."
harvard_chodorow_reich_gabriel,Quarterly Journal of Economics,https://chodorowreich.scholars.harvard.edu/sites/g/files/omnuum7686/files/chodorow-reich/files/cv.pdf,"Referee or ad hoc reviewer: American Economic Journal: Macroeconomics, American Economic Journal: Policy, American Economic Review..."
harvard_chodorow_reich_gabriel,Review of Economics and Statistics,https://chodorowreich.scholars.harvard.edu/sites/g/files/omnuum7686/files/chodorow-reich/files/cv.pdf,"Referee or ad hoc reviewer: American Economic Journal: Macroeconomics, American Economic Journal: Policy, American Economic Review..."
harvard_chodorow_reich_gabriel,Review of Economic Dynamics,https://chodorowreich.scholars.harvard.edu/sites/g/files/omnuum7686/files/chodorow-reich/files/cv.pdf,"Referee or ad hoc reviewer: American Economic Journal: Macroeconomics, American Economic Journal: Policy, American Economic Review..."
harvard_chodorow_reich_gabriel,Review of Economic Studies,https://chodorowreich.scholars.harvard.edu/sites/g/files/omnuum7686/files/chodorow-reich/files/cv.pdf,"Referee or ad hoc reviewer: American Economic Journal: Macroeconomics, American Economic Journal: Policy, American Economic Review..."
harvard_chodorow_reich_gabriel,Review of Finance,https://chodorowreich.scholars.harvard.edu/sites/g/files/omnuum7686/files/chodorow-reich/files/cv.pdf,"Referee or ad hoc reviewer: American Economic Journal: Macroeconomics, American Economic Journal: Policy, American Economic Review..."
harvard_chodorow_reich_gabriel,Review of Financial Studies,https://chodorowreich.scholars.harvard.edu/sites/g/files/omnuum7686/files/chodorow-reich/files/cv.pdf,"Referee or ad hoc reviewer: American Economic Journal: Macroeconomics, American Economic Journal: Policy, American Economic Review..."
harvard_enke_benjamin,American Economic Review,https://benjamin-enke.com/pdf/Enke_cv.pdf,"REFEREE SERVICE: American Economic Review, Quarterly Journal of Economics, Econometrica..."
harvard_enke_benjamin,Quarterly Journal of Economics,https://benjamin-enke.com/pdf/Enke_cv.pdf,"REFEREE SERVICE: American Economic Review, Quarterly Journal of Economics, Econometrica..."
harvard_enke_benjamin,Econometrica,https://benjamin-enke.com/pdf/Enke_cv.pdf,"REFEREE SERVICE: American Economic Review, Quarterly Journal of Economics, Econometrica..."
harvard_enke_benjamin,Review of Economic Studies,https://benjamin-enke.com/pdf/Enke_cv.pdf,"REFEREE SERVICE: American Economic Review, Quarterly Journal of Economics, Econometrica..."
harvard_enke_benjamin,Journal of Political Economy,https://benjamin-enke.com/pdf/Enke_cv.pdf,"REFEREE SERVICE: American Economic Review, Quarterly Journal of Economics, Econometrica..."
harvard_enke_benjamin,Journal of the European Economic Association,https://benjamin-enke.com/pdf/Enke_cv.pdf,"REFEREE SERVICE: American Economic Review, Quarterly Journal of Economics, Econometrica..."
harvard_enke_benjamin,American Economic Review: Insights,https://benjamin-enke.com/pdf/Enke_cv.pdf,"REFEREE SERVICE: American Economic Review, Quarterly Journal of Economics, Econometrica..."
harvard_enke_benjamin,AEJ: Micro,https://benjamin-enke.com/pdf/Enke_cv.pdf,"REFEREE SERVICE: American Economic Review, Quarterly Journal of Economics, Econometrica..."
harvard_enke_benjamin,AEJ: Policy,https://benjamin-enke.com/pdf/Enke_cv.pdf,"REFEREE SERVICE: American Economic Review, Quarterly Journal of Economics, Econometrica..."
harvard_enke_benjamin,Quantitative Economics,https://benjamin-enke.com/pdf/Enke_cv.pdf,"REFEREE SERVICE: American Economic Review, Quarterly Journal of Economics, Econometrica..."
harvard_enke_benjamin,Review of Economics and Statistics,https://benjamin-enke.com/pdf/Enke_cv.pdf,"REFEREE SERVICE: American Economic Review, Quarterly Journal of Economics, Econometrica..."
harvard_enke_benjamin,Journal of Development Economics,https://benjamin-enke.com/pdf/Enke_cv.pdf,"REFEREE SERVICE: American Economic Review, Quarterly Journal of Economics, Econometrica..."
harvard_enke_benjamin,Journal of Public Economics,https://benjamin-enke.com/pdf/Enke_cv.pdf,"REFEREE SERVICE: American Economic Review, Quarterly Journal of Economics, Econometrica..."
harvard_enke_benjamin,Journal of Economic Theory,https://benjamin-enke.com/pdf/Enke_cv.pdf,"REFEREE SERVICE: American Economic Review, Quarterly Journal of Economics, Econometrica..."
harvard_enke_benjamin,Journal of Economic Growth,https://benjamin-enke.com/pdf/Enke_cv.pdf,"REFEREE SERVICE: American Economic Review, Quarterly Journal of Economics, Econometrica..."
harvard_enke_benjamin,Management Science,https://benjamin-enke.com/pdf/Enke_cv.pdf,"REFEREE SERVICE: American Economic Review, Quarterly Journal of Economics, Econometrica..."
harvard_enke_benjamin,Games and Economic Behavior,https://benjamin-enke.com/pdf/Enke_cv.pdf,"REFEREE SERVICE: American Economic Review, Quarterly Journal of Economics, Econometrica..."
harvard_enke_benjamin,Review of Financial Studies,https://benjamin-enke.com/pdf/Enke_cv.pdf,"REFEREE SERVICE: American Economic Review, Quarterly Journal of Economics, Econometrica..."
harvard_enke_benjamin,European Economic Review,https://benjamin-enke.com/pdf/Enke_cv.pdf,"REFEREE SERVICE: American Economic Review, Quarterly Journal of Economics, Econometrica..."
harvard_enke_benjamin,Journal of Economic Behavior & Organization,https://benjamin-enke.com/pdf/Enke_cv.pdf,"REFEREE SERVICE: American Economic Review, Quarterly Journal of Economics, Econometrica..."
harvard_enke_benjamin,Journal of Economics and Management Strategy,https://benjamin-enke.com/pdf/Enke_cv.pdf,"REFEREE SERVICE: American Economic Review, Quarterly Journal of Economics, Econometrica..."
harvard_enke_benjamin,Science,https://benjamin-enke.com/pdf/Enke_cv.pdf,"REFEREE SERVICE: American Economic Review, Quarterly Journal of Economics, Econometrica..."
harvard_enke_benjamin,Psychological Review,https://benjamin-enke.com/pdf/Enke_cv.pdf,"REFEREE SERVICE: American Economic Review, Quarterly Journal of Economics, Econometrica..."
harvard_enke_benjamin,American Political Science Review,https://benjamin-enke.com/pdf/Enke_cv.pdf,"REFEREE SERVICE: American Economic Review, Quarterly Journal of Economics, Econometrica..."
harvard_kalouptsidi_myrto,AEJ Micro,https://drive.google.com/uc?id=199W-3geaROD2igVM6dcBi9gy4g0pjJmB&export=download,"Referee: AEJ Micro, American Economic Review, Econometrica..."
harvard_kalouptsidi_myrto,American Economic Review,https://drive.google.com/uc?id=199W-3geaROD2igVM6dcBi9gy4g0pjJmB&export=download,"Referee: AEJ Micro, American Economic Review, Econometrica..."
harvard_kalouptsidi_myrto,Econometrica,https://drive.google.com/uc?id=199W-3geaROD2igVM6dcBi9gy4g0pjJmB&export=download,"Referee: AEJ Micro, American Economic Review, Econometrica..."
harvard_kalouptsidi_myrto,European Economic Review,https://drive.google.com/uc?id=199W-3geaROD2igVM6dcBi9gy4g0pjJmB&export=download,"Referee: AEJ Micro, American Economic Review, Econometrica..."
harvard_kalouptsidi_myrto,International Journal of Industrial Organization,https://drive.google.com/uc?id=199W-3geaROD2igVM6dcBi9gy4g0pjJmB&export=download,"Referee: AEJ Micro, American Economic Review, Econometrica..."
harvard_kalouptsidi_myrto,Journal of Applied Econometrics,https://drive.google.com/uc?id=199W-3geaROD2igVM6dcBi9gy4g0pjJmB&export=download,"Referee: AEJ Micro, American Economic Review, Econometrica..."
harvard_kalouptsidi_myrto,Journal of Econometrics,https://drive.google.com/uc?id=199W-3geaROD2igVM6dcBi9gy4g0pjJmB&export=download,"Referee: AEJ Micro, American Economic Review, Econometrica..."
harvard_kalouptsidi_myrto,Journal of Industrial Economics,https://drive.google.com/uc?id=199W-3geaROD2igVM6dcBi9gy4g0pjJmB&export=download,"Referee: AEJ Micro, American Economic Review, Econometrica..."
harvard_kalouptsidi_myrto,Journal of International Economics,https://drive.google.com/uc?id=199W-3geaROD2igVM6dcBi9gy4g0pjJmB&export=download,"Referee: AEJ Micro, American Economic Review, Econometrica..."
harvard_kalouptsidi_myrto,Journal of Political Economy,https://drive.google.com/uc?id=199W-3geaROD2igVM6dcBi9gy4g0pjJmB&export=download,"Referee: AEJ Micro, American Economic Review, Econometrica..."
harvard_kalouptsidi_myrto,Quantitative Economics,https://drive.google.com/uc?id=199W-3geaROD2igVM6dcBi9gy4g0pjJmB&export=download,"Referee: AEJ Micro, American Economic Review, Econometrica..."
harvard_kalouptsidi_myrto,Quarterly Journal of Economics,https://drive.google.com/uc?id=199W-3geaROD2igVM6dcBi9gy4g0pjJmB&export=download,"Referee: AEJ Micro, American Economic Review, Econometrica..."
harvard_kalouptsidi_myrto,RAND Journal of Economics,https://drive.google.com/uc?id=199W-3geaROD2igVM6dcBi9gy4g0pjJmB&export=download,"Referee: AEJ Micro, American Economic Review, Econometrica..."
harvard_kalouptsidi_myrto,Review of Economics and Statistics,https://drive.google.com/uc?id=199W-3geaROD2igVM6dcBi9gy4g0pjJmB&export=download,"Referee: AEJ Micro, American Economic Review, Econometrica..."
harvard_kalouptsidi_myrto,Review of Economic Studies,https://drive.google.com/uc?id=199W-3geaROD2igVM6dcBi9gy4g0pjJmB&export=download,"Referee: AEJ Micro, American Economic Review, Econometrica..."
harvard_kreindler_gabriel,American Economic Review,https://drive.google.com/uc?id=1h28AvT3fCUX13IWgwla85RcnlqSUxe_1&export=download,"Referee for: American Economic Review, Journal of Urban Economics, AEJ Applied..."
harvard_kreindler_gabriel,Journal of Urban Economics,https://drive.google.com/uc?id=1h28AvT3fCUX13IWgwla85RcnlqSUxe_1&export=download,"Referee for: American Economic Review, Journal of Urban Economics, AEJ Applied..."
harvard_kreindler_gabriel,AEJ Applied,https://drive.google.com/uc?id=1h28AvT3fCUX13IWgwla85RcnlqSUxe_1&export=download,"Referee for: American Economic Review, Journal of Urban Economics, AEJ Applied..."
harvard_kreindler_gabriel,AEJ Policy,https://drive.google.com/uc?id=1h28AvT3fCUX13IWgwla85RcnlqSUxe_1&export=download,"Referee for: American Economic Review, Journal of Urban Economics, AEJ Applied..."
harvard_kreindler_gabriel,Review of Economics and Statistics,https://drive.google.com/uc?id=1h28AvT3fCUX13IWgwla85RcnlqSUxe_1&export=download,"Referee for: American Economic Review, Journal of Urban Economics, AEJ Applied..."
harvard_kreindler_gabriel,Games and Economic Behavior,https://drive.google.com/uc?id=1h28AvT3fCUX13IWgwla85RcnlqSUxe_1&export=download,"Referee for: American Economic Review, Journal of Urban Economics, AEJ Applied..."
harvard_kreindler_gabriel,Econometrica,https://drive.google.com/uc?id=1h28AvT3fCUX13IWgwla85RcnlqSUxe_1&export=download,"Referee for: American Economic Review, Journal of Urban Economics, AEJ Applied..."
harvard_kreindler_gabriel,AEJ Insights,https://drive.google.com/uc?id=1h28AvT3fCUX13IWgwla85RcnlqSUxe_1&export=download,"Referee for: American Economic Review, Journal of Urban Economics, AEJ Applied..."
harvard_kreindler_gabriel,Quarterly Journal of Economics,https://drive.google.com/uc?id=1h28AvT3fCUX13IWgwla85RcnlqSUxe_1&export=download,"Referee for: American Economic Review, Journal of Urban Economics, AEJ Applied..."
harvard_kreindler_gabriel,Nature,https://drive.google.com/uc?id=1h28AvT3fCUX13IWgwla85RcnlqSUxe_1&export=download,"Referee for: American Economic Review, Journal of Urban Economics, AEJ Applied..."
harvard_kreindler_gabriel,Journal of Public Economics,https://drive.google.com/uc?id=1h28AvT3fCUX13IWgwla85RcnlqSUxe_1&export=download,"Referee for: American Economic Review, Journal of Urban Economics, AEJ Applied..."
harvard_kreindler_gabriel,Journal of the European Economic Association,https://drive.google.com/uc?id=1h28AvT3fCUX13IWgwla85RcnlqSUxe_1&export=download,"Referee for: American Economic Review, Journal of Urban Economics, AEJ Applied..."
harvard_viviano_davide,American Economic Review,https://dviviano.github.io/cv_v3.pdf,"Referee Service: American Economic Review, AER:Insights, Annals of Applied Statistics..."
harvard_viviano_davide,AER:Insights,https://dviviano.github.io/cv_v3.pdf,"Referee Service: American Economic Review, AER:Insights, Annals of Applied Statistics..."
harvard_viviano_davide,Annals of Applied Statistics,https://dviviano.github.io/cv_v3.pdf,"Referee Service: American Economic Review, AER:Insights, Annals of Applied Statistics..."
harvard_viviano_davide,Biometrika,https://dviviano.github.io/cv_v3.pdf,"Referee Service: American Economic Review, AER:Insights, Annals of Applied Statistics..."
harvard_viviano_davide,Econometrica,https://dviviano.github.io/cv_v3.pdf,"Referee Service: American Economic Review, AER:Insights, Annals of Applied Statistics..."
harvard_viviano_davide,Econometric Theory,https://dviviano.github.io/cv_v3.pdf,"Referee Service: American Economic Review, AER:Insights, Annals of Applied Statistics..."
harvard_viviano_davide,Economics Letters,https://dviviano.github.io/cv_v3.pdf,"Referee Service: American Economic Review, AER:Insights, Annals of Applied Statistics..."
harvard_viviano_davide,Journal of the American Statistical Association,https://dviviano.github.io/cv_v3.pdf,"Referee Service: American Economic Review, AER:Insights, Annals of Applied Statistics..."
harvard_viviano_davide,Journal of Business Economics and Statistics,https://dviviano.github.io/cv_v3.pdf,"Referee Service: American Economic Review, AER:Insights, Annals of Applied Statistics..."
harvard_viviano_davide,JRRS-B,https://dviviano.github.io/cv_v3.pdf,"Referee Service: American Economic Review, AER:Insights, Annals of Applied Statistics..."
harvard_viviano_davide,Journal of Econometrics,https://dviviano.github.io/cv_v3.pdf,"Referee Service: American Economic Review, AER:Insights, Annals of Applied Statistics..."
harvard_viviano_davide,Journal of Development Economics,https://dviviano.github.io/cv_v3.pdf,"Referee Service: American Economic Review, AER:Insights, Annals of Applied Statistics..."
harvard_viviano_davide,Journal of Political Economy,https://dviviano.github.io/cv_v3.pdf,"Referee Service: American Economic Review, AER:Insights, Annals of Applied Statistics..."
harvard_viviano_davide,JPE:Micro,https://dviviano.github.io/cv_v3.pdf,"Referee Service: American Economic Review, AER:Insights, Annals of Applied Statistics..."
harvard_viviano_davide,Quantitative Economics,https://dviviano.github.io/cv_v3.pdf,"Referee Service: American Economic Review, AER:Insights, Annals of Applied Statistics..."
harvard_viviano_davide,Quarterly Journal of Economics,https://dviviano.github.io/cv_v3.pdf,"Referee Service: American Economic Review, AER:Insights, Annals of Applied Statistics..."
harvard_viviano_davide,Review of Economic Studies,https://dviviano.github.io/cv_v3.pdf,"Referee Service: American Economic Review, AER:Insights, Annals of Applied Statistics..."
harvard_viviano_davide,Review of Economics and Statistics,https://dviviano.github.io/cv_v3.pdf,"Referee Service: American Economic Review, AER:Insights, Annals of Applied Statistics..."
harvard_viviano_davide,The American Statistician,https://dviviano.github.io/cv_v3.pdf,"Referee Service: American Economic Review, AER:Insights, Annals of Applied Statistics..."
mit_agarwal_nikhil,American Economic Review,https://economics.mit.edu/sites/default/files/2025-12/vita.pdf,Referee: ... American Economic Review ...
mit_agarwal_nikhil,AEJ: Applied Economics,https://economics.mit.edu/sites/default/files/2025-12/vita.pdf,Referee: ... AEJ: Applied Economics ...
mit_agarwal_nikhil,AEJ: Microeconomics,https://economics.mit.edu/sites/default/files/2025-12/vita.pdf,Referee: ... AEJ: Microeconomics ...
mit_agarwal_nikhil,Econometrica,https://economics.mit.edu/sites/default/files/2025-12/vita.pdf,Referee: ... Econometrica ...
mit_agarwal_nikhil,Journal of Economic Theory,https://economics.mit.edu/sites/default/files/2025-12/vita.pdf,Referee: ... Journal of Economic Theory ...
mit_agarwal_nikhil,Journal of Industrial Economics,https://economics.mit.edu/sites/default/files/2025-12/vita.pdf,Referee: ... Journal of Industrial Economics ...
mit_agarwal_nikhil,International Economic Review,https://economics.mit.edu/sites/default/files/2025-12/vita.pdf,Referee: ... International Economic Review ...
mit_agarwal_nikhil,Journal of Political Economy,https://economics.mit.edu/sites/default/files/2025-12/vita.pdf,Referee: ... Journal of Political Economy ...
mit_agarwal_nikhil,Journal of Public Economics,https://economics.mit.edu/sites/default/files/2025-12/vita.pdf,Referee: ... Journal of Public Economics ...
mit_agarwal_nikhil,Quarterly Journal of Economics,https://economics.mit.edu/sites/default/files/2025-12/vita.pdf,Referee: ... Quarterly Journal of Economics ...
mit_agarwal_nikhil,Review of Economic Studies,https://economics.mit.edu/sites/default/files/2025-12/vita.pdf,Referee: ... Review of Economic Studies ...
mit_angrist_josh,American Economic Review,https://economics.mit.edu/sites/default/files/2025-03/Vita_Mar2025.pdf,Referee: American Economic Review
mit_angrist_josh,Econometrica,https://economics.mit.edu/sites/default/files/2025-03/Vita_Mar2025.pdf,Referee: Econometrica
mit_angrist_josh,Economic Journal,https://economics.mit.edu/sites/default/files/2025-03/Vita_Mar2025.pdf,Referee: Economic Journal
mit_angrist_josh,Journal of the American Statistical Association,https://economics.mit.edu/sites/default/files/2025-03/Vita_Mar2025.pdf,Referee: Journal of the American Statistical Association
mit_angrist_josh,Journal of Applied Econometrics,https://economics.mit.edu/sites/default/files/2025-03/Vita_Mar2025.pdf,Referee: Journal of Applied Econometrics
mit_angrist_josh,Journal of Business and Economic Statistics,https://economics.mit.edu/sites/default/files/2025-03/Vita_Mar2025.pdf,Referee: Journal of Business and Economic Statistics
mit_angrist_josh,Journal of Econometrics,https://economics.mit.edu/sites/default/files/2025-03/Vita_Mar2025.pdf,Referee: Journal of Econometrics
mit_angrist_josh,Journal of the European Economic Association,https://economics.mit.edu/sites/default/files/2025-03/Vita_Mar2025.pdf,Referee: Journal of the European Economic Association
mit_angrist_josh,Journal of Labor Economics,https://economics.mit.edu/sites/default/files/2025-03/Vita_Mar2025.pdf,Referee: Journal of Labor Economics
mit_angrist_josh,Journal of Human Resources,https://economics.mit.edu/sites/default/files/2025-03/Vita_Mar2025.pdf,Referee: Journal of Human Resources
mit_angrist_josh,Journal of Law Economics and Organization,https://economics.mit.edu/sites/default/files/2025-03/Vita_Mar2025.pdf,Referee: Journal of Law Economics and Organization
mit_angrist_josh,Journal of Political Economy,https://economics.mit.edu/sites/default/files/2025-03/Vita_Mar2025.pdf,Referee: Journal of Political Economy
mit_angrist_josh,Journal of Public Economics,https://economics.mit.edu/sites/default/files/2025-03/Vita_Mar2025.pdf,Referee: Journal of Public Economics
mit_angrist_josh,Quarterly Journal of Economics,https://economics.mit.edu/sites/default/files/2025-03/Vita_Mar2025.pdf,Referee: Quarterly Journal of Economics
mit_angrist_josh,Review of Economic Studies,https://economics.mit.edu/sites/default/files/2025-03/Vita_Mar2025.pdf,Referee: Review of Economic Studies
mit_angrist_josh,Review of Economics and Statistics,https://economics.mit.edu/sites/default/files/2025-03/Vita_Mar2025.pdf,Referee: Review of Economics and Statistics
mit_angrist_josh,Science,https://economics.mit.edu/sites/default/files/2025-03/Vita_Mar2025.pdf,Referee: Science
mit_angrist_josh,International Economic Review,https://economics.mit.edu/sites/default/files/2025-03/Vita_Mar2025.pdf,Referee: International Economic Review
mit_angrist_josh,Canadian Journal of Economics,https://economics.mit.edu/sites/default/files/2025-03/Vita_Mar2025.pdf,Referee: Canadian Journal of Economics
mit_atkin_david,American Economic Review,https://www.dropbox.com/s/xh3kz8l3trg9w4a/DavidAtkinCV_web.pdf?raw=1,"2018-2024 Associate Editor, American Economic Review"
mit_atkin_david,Review of Economic Studies,https://www.dropbox.com/s/xh3kz8l3trg9w4a/DavidAtkinCV_web.pdf?raw=1,"Referee for the American Economic Review, Review of Economic Studies, Journal of Political Economy, Quarterly Journal of Economics, Econometrica, American Economic Journal: Applied Economics, American"
mit_atkin_david,Journal of Political Economy,https://www.dropbox.com/s/xh3kz8l3trg9w4a/DavidAtkinCV_web.pdf?raw=1,"Referee for the American Economic Review, Review of Economic Studies, Journal of Political Economy, Quarterly Journal of Economics, Econometrica, American Economic Journal: Applied Economics, American"
mit_atkin_david,Quarterly Journal of Economics,https://www.dropbox.com/s/xh3kz8l3trg9w4a/DavidAtkinCV_web.pdf?raw=1,"2018- Associate Editor, Quarterly Journal of Economics"
mit_atkin_david,Econometrica,https://www.dropbox.com/s/xh3kz8l3trg9w4a/DavidAtkinCV_web.pdf?raw=1,"Referee for the American Economic Review, Review of Economic Studies, Journal of Political Economy, Quarterly Journal of Economics, Econometrica, American Economic Journal: Applied Economics, American"
mit_atkin_david,American Economic Journal: Applied Economics,https://www.dropbox.com/s/xh3kz8l3trg9w4a/DavidAtkinCV_web.pdf?raw=1,"Referee for the American Economic Review, Review of Economic Studies, Journal of Political Economy, Quarterly Journal of Economics, Econometrica, American Economic Journal: Applied Economics, American"
mit_atkin_david,American Economic Journal: Economic Policy,https://www.dropbox.com/s/xh3kz8l3trg9w4a/DavidAtkinCV_web.pdf?raw=1,"Referee for the American Economic Review, Review of Economic Studies, Journal of Political Economy, Quarterly Journal of Economics, Econometrica, American Economic Journal: Applied Economics, American"
mit_atkin_david,Review of Economics and Statistics,https://www.dropbox.com/s/xh3kz8l3trg9w4a/DavidAtkinCV_web.pdf?raw=1,"Referee for the American Economic Review, Review of Economic Studies, Journal of Political Economy, Quarterly Journal of Economics, Econometrica, American Economic Journal: Applied Economics, American"
mit_atkin_david,Journal of Development Economics,https://www.dropbox.com/s/xh3kz8l3trg9w4a/DavidAtkinCV_web.pdf?raw=1,"Referee for the American Economic Review, Review of Economic Studies, Journal of Political Economy, Quarterly Journal of Economics, Econometrica, American Economic Journal: Applied Economics, American"
mit_atkin_david,The B.E. Journal of Economic Analysis & Policy,https://www.dropbox.com/s/xh3kz8l3trg9w4a/DavidAtkinCV_web.pdf?raw=1,"Referee for the American Economic Review, Review of Economic Studies, Journal of Political Economy, Quarterly Journal of Economics, Econometrica, American Economic Journal: Applied Economics, American"
mit_atkin_david,Journal of International Economics,https://www.dropbox.com/s/xh3kz8l3trg9w4a/DavidAtkinCV_web.pdf?raw=1,"2017- Associate Editor, Journal of International Economics"
mit_atkin_david,Journal of Population Economics,https://www.dropbox.com/s/xh3kz8l3trg9w4a/DavidAtkinCV_web.pdf?raw=1,"Referee for the American Economic Review, Review of Economic Studies, Journal of Political Economy, Quarterly Journal of Economics, Econometrica, American Economic Journal: Applied Economics, American"
mit_atkin_david,Journal of Economic Literature,https://www.dropbox.com/s/xh3kz8l3trg9w4a/DavidAtkinCV_web.pdf?raw=1,"Referee for the American Economic Review, Review of Economic Studies, Journal of Political Economy, Quarterly Journal of Economics, Econometrica, American Economic Journal: Applied Economics, American"
mit_ball_ian,ACM Conference on Economics and Computation,https://drive.google.com/file/d/1nSEnBMsIQnIuD_jO_rMJplOgqmqciioE/view?usp=sharing,"REFEREEING ACM Conference on Economics and Computation, AEJ: Microeconomics, American Economic Review"
mit_ball_ian,AEJ: Microeconomics,https://drive.google.com/file/d/1nSEnBMsIQnIuD_jO_rMJplOgqmqciioE/view?usp=sharing,"REFEREEING ACM Conference on Economics and Computation, AEJ: Microeconomics, American Economic Review"
mit_ball_ian,American Economic Review,https://drive.google.com/file/d/1nSEnBMsIQnIuD_jO_rMJplOgqmqciioE/view?usp=sharing,"REFEREEING ... AEJ: Microeconomics, American Economic Review, AER: Insights"
mit_ball_ian,AER: Insights,https://drive.google.com/file/d/1nSEnBMsIQnIuD_jO_rMJplOgqmqciioE/view?usp=sharing,"REFEREEING ... American Economic Review, AER: Insights, Autonomous Agents and Multi-Agent Systems"
mit_ball_ian,Autonomous Agents and Multi-Agent Systems,https://drive.google.com/file/d/1nSEnBMsIQnIuD_jO_rMJplOgqmqciioE/view?usp=sharing,"REFEREEING ... AER: Insights, Autonomous Agents and Multi-Agent Systems, Discrete Mathematics"
mit_ball_ian,Discrete Mathematics,https://drive.google.com/file/d/1nSEnBMsIQnIuD_jO_rMJplOgqmqciioE/view?usp=sharing,"REFEREEING ... Autonomous Agents and Multi-Agent Systems, Discrete Mathematics, Econometrica"
mit_ball_ian,Econometrica,https://drive.google.com/file/d/1nSEnBMsIQnIuD_jO_rMJplOgqmqciioE/view?usp=sharing,"REFEREEING ... Discrete Mathematics, Econometrica, Economic Theory Bulletin"
mit_ball_ian,Economic Theory Bulletin,https://drive.google.com/file/d/1nSEnBMsIQnIuD_jO_rMJplOgqmqciioE/view?usp=sharing,"REFEREEING ... Econometrica, Economic Theory Bulletin, Games and Economic Behavior"
mit_ball_ian,Games and Economic Behavior,https://drive.google.com/file/d/1nSEnBMsIQnIuD_jO_rMJplOgqmqciioE/view?usp=sharing,"REFEREEING ... Economic Theory Bulletin, Games and Economic Behavior, International Economic Review"
mit_ball_ian,International Economic Review,https://drive.google.com/file/d/1nSEnBMsIQnIuD_jO_rMJplOgqmqciioE/view?usp=sharing,"REFEREEING ... Games and Economic Behavior, International Economic Review, International Journal of Game Theory"
mit_ball_ian,International Journal of Game Theory,https://drive.google.com/file/d/1nSEnBMsIQnIuD_jO_rMJplOgqmqciioE/view?usp=sharing,"REFEREEING ... International Economic Review, International Journal of Game Theory, Israeli Science Foundation"
mit_ball_ian,Israeli Science Foundation,https://drive.google.com/file/d/1nSEnBMsIQnIuD_jO_rMJplOgqmqciioE/view?usp=sharing,"REFEREEING ... International Journal of Game Theory, Israeli Science Foundation, Journal of the European Economic Association"
mit_ball_ian,Journal of the European Economic Association,https://drive.google.com/file/d/1nSEnBMsIQnIuD_jO_rMJplOgqmqciioE/view?usp=sharing,"REFEREEING ... Israeli Science Foundation, Journal of the European Economic Association, Journal of Economic Literature"
mit_ball_ian,Journal of Economic Literature,https://drive.google.com/file/d/1nSEnBMsIQnIuD_jO_rMJplOgqmqciioE/view?usp=sharing,"REFEREEING ... Journal of the European Economic Association, Journal of Economic Literature, Journal of Economic Theory"
mit_ball_ian,Journal of Economic Theory,https://drive.google.com/file/d/1nSEnBMsIQnIuD_jO_rMJplOgqmqciioE/view?usp=sharing,"REFEREEING ... Journal of Economic Literature, Journal of Economic Theory, Journal of Economics & Management Strategy"
mit_ball_ian,Journal of Economics & Management Strategy,https://drive.google.com/file/d/1nSEnBMsIQnIuD_jO_rMJplOgqmqciioE/view?usp=sharing,"REFEREEING ... Journal of Economic Theory, Journal of Economics & Management Strategy, Journal of Institutional and Theoretical Economics"
mit_ball_ian,Journal of Institutional and Theoretical Economics,https://drive.google.com/file/d/1nSEnBMsIQnIuD_jO_rMJplOgqmqciioE/view?usp=sharing,"REFEREEING ... Journal of Economics & Management Strategy, Journal of Institutional and Theoretical Economics, Journal of Mathematical Economics"
mit_ball_ian,Journal of Mathematical Economics,https://drive.google.com/file/d/1nSEnBMsIQnIuD_jO_rMJplOgqmqciioE/view?usp=sharing,"REFEREEING ... Journal of Institutional and Theoretical Economics, Journal of Mathematical Economics, Journal of Optimization Theory and Applications"
mit_ball_ian,Journal of Optimization Theory and Applications,https://drive.google.com/file/d/1nSEnBMsIQnIuD_jO_rMJplOgqmqciioE/view?usp=sharing,"REFEREEING ... Journal of Mathematical Economics, Journal of Optimization Theory and Applications, Journal of Political Economy"
mit_ball_ian,Journal of Political Economy,https://drive.google.com/file/d/1nSEnBMsIQnIuD_jO_rMJplOgqmqciioE/view?usp=sharing,"REFEREEING ... Journal of Optimization Theory and Applications, Journal of Political Economy, Management Science"
mit_ball_ian,Management Science,https://drive.google.com/file/d/1nSEnBMsIQnIuD_jO_rMJplOgqmqciioE/view?usp=sharing,"REFEREEING ... Journal of Political Economy, Management Science, Mathematics of Operations Research"
mit_ball_ian,Mathematics of Operations Research,https://drive.google.com/file/d/1nSEnBMsIQnIuD_jO_rMJplOgqmqciioE/view?usp=sharing,"REFEREEING ... Management Science, Mathematics of Operations Research, Quarterly Journal of Economics"
mit_ball_ian,Quarterly Journal of Economics,https://drive.google.com/file/d/1nSEnBMsIQnIuD_jO_rMJplOgqmqciioE/view?usp=sharing,"REFEREEING ... Mathematics of Operations Research, Quarterly Journal of Economics, RAND Journal of Economics"
mit_ball_ian,RAND Journal of Economics,https://drive.google.com/file/d/1nSEnBMsIQnIuD_jO_rMJplOgqmqciioE/view?usp=sharing,"REFEREEING ... Quarterly Journal of Economics, RAND Journal of Economics, Review of Economic Studies"
mit_ball_ian,Review of Economic Studies,https://drive.google.com/file/d/1nSEnBMsIQnIuD_jO_rMJplOgqmqciioE/view?usp=sharing,"REFEREEING ... RAND Journal of Economics, Review of Economic Studies, Review of Economics & Statistics"
mit_ball_ian,Review of Economics & Statistics,https://drive.google.com/file/d/1nSEnBMsIQnIuD_jO_rMJplOgqmqciioE/view?usp=sharing,"REFEREEING ... Review of Economic Studies, Review of Economics & Statistics, Scandinavian Journal of Economics"
mit_ball_ian,Scandinavian Journal of Economics,https://drive.google.com/file/d/1nSEnBMsIQnIuD_jO_rMJplOgqmqciioE/view?usp=sharing,"REFEREEING ... Review of Economics & Statistics, Scandinavian Journal of Economics, Theoretical Economics"
mit_ball_ian,Theoretical Economics,https://drive.google.com/file/d/1nSEnBMsIQnIuD_jO_rMJplOgqmqciioE/view?usp=sharing,"REFEREEING ... Scandinavian Journal of Economics, Theoretical Economics, Theory of Computing Systems"
mit_ball_ian,Theory of Computing Systems,https://drive.google.com/file/d/1nSEnBMsIQnIuD_jO_rMJplOgqmqciioE/view?usp=sharing,"REFEREEING ... Theoretical Economics, Theory of Computing Systems"
harvard_pallais_amanda,American Economic Journal: Applied Economics,https://pallais.scholars.harvard.edu/sites/g/files/omnuum5926/files/pallais/files/pallais_cv_2021.pdf,"American Economic Journal: Applied Economics, American Economic Journal: Economic Policy, American Economic Review, American Economic Review: Insights, B.E. Journal of Economic Analysis & Policy"
harvard_pallais_amanda,American Economic Journal: Economic Policy,https://pallais.scholars.harvard.edu/sites/g/files/omnuum5926/files/pallais/files/pallais_cv_2021.pdf,"American Economic Journal: Applied Economics, American Economic Journal: Economic Policy, American Economic Review, American Economic Review: Insights, B.E. Journal of Economic Analysis & Policy"
harvard_pallais_amanda,American Economic Review,https://pallais.scholars.harvard.edu/sites/g/files/omnuum5926/files/pallais/files/pallais_cv_2021.pdf,"American Economic Journal: Applied Economics, American Economic Journal: Economic Policy, American Economic Review, American Economic Review: Insights, B.E. Journal of Economic Analysis & Policy"
harvard_pallais_amanda,American Economic Review: Insights,https://pallais.scholars.harvard.edu/sites/g/files/omnuum5926/files/pallais/files/pallais_cv_2021.pdf,"American Economic Journal: Applied Economics, American Economic Journal: Economic Policy, American Economic Review, American Economic Review: Insights, B.E. Journal of Economic Analysis & Policy"
harvard_pallais_amanda,B.E. Journal of Economic Analysis & Policy,https://pallais.scholars.harvard.edu/sites/g/files/omnuum5926/files/pallais/files/pallais_cv_2021.pdf,"American Economic Journal: Applied Economics, American Economic Journal: Economic Policy, American Economic Review, American Economic Review: Insights, B.E. Journal of Economic Analysis & Policy"
harvard_pallais_amanda,Eastern Economic Journal,https://pallais.scholars.harvard.edu/sites/g/files/omnuum5926/files/pallais/files/pallais_cv_2021.pdf,"American Economic Journal: Applied Economics, American Economic Journal: Economic Policy, American Economic Review, American Economic Review: Insights, B.E. Journal of Economic Analysis & Policy"
harvard_pallais_amanda,Econometrica,https://pallais.scholars.harvard.edu/sites/g/files/omnuum5926/files/pallais/files/pallais_cv_2021.pdf,"American Economic Journal: Applied Economics, American Economic Journal: Economic Policy, American Economic Review, American Economic Review: Insights, B.E. Journal of Economic Analysis & Policy"
harvard_pallais_amanda,Economica,https://pallais.scholars.harvard.edu/sites/g/files/omnuum5926/files/pallais/files/pallais_cv_2021.pdf,"American Economic Journal: Applied Economics, American Economic Journal: Economic Policy, American Economic Review, American Economic Review: Insights, B.E. Journal of Economic Analysis & Policy"
harvard_pallais_amanda,Economic Inquiry,https://pallais.scholars.harvard.edu/sites/g/files/omnuum5926/files/pallais/files/pallais_cv_2021.pdf,"American Economic Journal: Applied Economics, American Economic Journal: Economic Policy, American Economic Review, American Economic Review: Insights, B.E. Journal of Economic Analysis & Policy"
harvard_pallais_amanda,Economics of Education Review,https://pallais.scholars.harvard.edu/sites/g/files/omnuum5926/files/pallais/files/pallais_cv_2021.pdf,"American Economic Journal: Applied Economics, American Economic Journal: Economic Policy, American Economic Review, American Economic Review: Insights, B.E. Journal of Economic Analysis & Policy"
harvard_pallais_amanda,Education Economics,https://pallais.scholars.harvard.edu/sites/g/files/omnuum5926/files/pallais/files/pallais_cv_2021.pdf,"American Economic Journal: Applied Economics, American Economic Journal: Economic Policy, American Economic Review, American Economic Review: Insights, B.E. Journal of Economic Analysis & Policy"
harvard_pallais_amanda,Education Finance & Policy,https://pallais.scholars.harvard.edu/sites/g/files/omnuum5926/files/pallais/files/pallais_cv_2021.pdf,"American Economic Journal: Applied Economics, American Economic Journal: Economic Policy, American Economic Review, American Economic Review: Insights, B.E. Journal of Economic Analysis & Policy"
harvard_pallais_amanda,Educational Evaluation and Policy Analysis,https://pallais.scholars.harvard.edu/sites/g/files/omnuum5926/files/pallais/files/pallais_cv_2021.pdf,"American Economic Journal: Applied Economics, American Economic Journal: Economic Policy, American Economic Review, American Economic Review: Insights, B.E. Journal of Economic Analysis & Policy"
harvard_pallais_amanda,Industrial and Labor Relations Review,https://pallais.scholars.harvard.edu/sites/g/files/omnuum5926/files/pallais/files/pallais_cv_2021.pdf,"American Economic Journal: Applied Economics, American Economic Journal: Economic Policy, American Economic Review, American Economic Review: Insights, B.E. Journal of Economic Analysis & Policy"
harvard_pallais_amanda,International Journal of Industrial Organization,https://pallais.scholars.harvard.edu/sites/g/files/omnuum5926/files/pallais/files/pallais_cv_2021.pdf,"American Economic Journal: Applied Economics, American Economic Journal: Economic Policy, American Economic Review, American Economic Review: Insights, B.E. Journal of Economic Analysis & Policy"
harvard_pallais_amanda,Jameel Poverty Action Lab,https://pallais.scholars.harvard.edu/sites/g/files/omnuum5926/files/pallais/files/pallais_cv_2021.pdf,"American Economic Journal: Applied Economics, American Economic Journal: Economic Policy, American Economic Review, American Economic Review: Insights, B.E. Journal of Economic Analysis & Policy"
harvard_pallais_amanda,Journal of Economic Literature,https://pallais.scholars.harvard.edu/sites/g/files/omnuum5926/files/pallais/files/pallais_cv_2021.pdf,"American Economic Journal: Applied Economics, American Economic Journal: Economic Policy, American Economic Review, American Economic Review: Insights, B.E. Journal of Economic Analysis & Policy"
harvard_pallais_amanda,Journal of Human Resources,https://pallais.scholars.harvard.edu/sites/g/files/omnuum5926/files/pallais/files/pallais_cv_2021.pdf,"American Economic Journal: Applied Economics, American Economic Journal: Economic Policy, American Economic Review, American Economic Review: Insights, B.E. Journal of Economic Analysis & Policy"
harvard_pallais_amanda,Journal of Labor Economics,https://pallais.scholars.harvard.edu/sites/g/files/omnuum5926/files/pallais/files/pallais_cv_2021.pdf,"American Economic Journal: Applied Economics, American Economic Journal: Economic Policy, American Economic Review, American Economic Review: Insights, B.E. Journal of Economic Analysis & Policy"
harvard_pallais_amanda,Journal of Policy Analysis and Management,https://pallais.scholars.harvard.edu/sites/g/files/omnuum5926/files/pallais/files/pallais_cv_2021.pdf,"American Economic Journal: Applied Economics, American Economic Journal: Economic Policy, American Economic Review, American Economic Review: Insights, B.E. Journal of Economic Analysis & Policy"
harvard_pallais_amanda,Journal of Political Economy,https://pallais.scholars.harvard.edu/sites/g/files/omnuum5926/files/pallais/files/pallais_cv_2021.pdf,"American Economic Journal: Applied Economics, American Economic Journal: Economic Policy, American Economic Review, American Economic Review: Insights, B.E. Journal of Economic Analysis & Policy"
harvard_pallais_amanda,Journal of Public Economics,https://pallais.scholars.harvard.edu/sites/g/files/omnuum5926/files/pallais/files/pallais_cv_2021.pdf,"American Economic Journal: Applied Economics, American Economic Journal: Economic Policy, American Economic Review, American Economic Review: Insights, B.E. Journal of Economic Analysis & Policy"
harvard_pallais_amanda,Journal of the European Economic Association,https://pallais.scholars.harvard.edu/sites/g/files/omnuum5926/files/pallais/files/pallais_cv_2021.pdf,"American Economic Journal: Applied Economics, American Economic Journal: Economic Policy, American Economic Review, American Economic Review: Insights, B.E. Journal of Economic Analysis & Policy"
harvard_pallais_amanda,Journal of Urban Economics,https://pallais.scholars.harvard.edu/sites/g/files/omnuum5926/files/pallais/files/pallais_cv_2021.pdf,"American Economic Journal: Applied Economics, American Economic Journal: Economic Policy, American Economic Review, American Economic Review: Insights, B.E. Journal of Economic Analysis & Policy"
harvard_pallais_amanda,Labour Economics,https://pallais.scholars.harvard.edu/sites/g/files/omnuum5926/files/pallais/files/pallais_cv_2021.pdf,"American Economic Journal: Applied Economics, American Economic Journal: Economic Policy, American Economic Review, American Economic Review: Insights, B.E. Journal of Economic Analysis & Policy"
harvard_pallais_amanda,Management Science,https://pallais.scholars.harvard.edu/sites/g/files/omnuum5926/files/pallais/files/pallais_cv_2021.pdf,"American Economic Journal: Applied Economics, American Economic Journal: Economic Policy, American Economic Review, American Economic Review: Insights, B.E. Journal of Economic Analysis & Policy"
harvard_pallais_amanda,National Science Foundation,https://pallais.scholars.harvard.edu/sites/g/files/omnuum5926/files/pallais/files/pallais_cv_2021.pdf,"American Economic Journal: Applied Economics, American Economic Journal: Economic Policy, American Economic Review, American Economic Review: Insights, B.E. Journal of Economic Analysis & Policy"
harvard_pallais_amanda,National Tax Journal,https://pallais.scholars.harvard.edu/sites/g/files/omnuum5926/files/pallais/files/pallais_cv_2021.pdf,"American Economic Journal: Applied Economics, American Economic Journal: Economic Policy, American Economic Review, American Economic Review: Insights, B.E. Journal of Economic Analysis & Policy"
harvard_pallais_amanda,Quarterly Journal of Economics,https://pallais.scholars.harvard.edu/sites/g/files/omnuum5926/files/pallais/files/pallais_cv_2021.pdf,"American Economic Journal: Applied Economics, American Economic Journal: Economic Policy, American Economic Review, American Economic Review: Insights, B.E. Journal of Economic Analysis & Policy"
harvard_pallais_amanda,Review of Economic Studies,https://pallais.scholars.harvard.edu/sites/g/files/omnuum5926/files/pallais/files/pallais_cv_2021.pdf,"American Economic Journal: Applied Economics, American Economic Journal: Economic Policy, American Economic Review, American Economic Review: Insights, B.E. Journal of Economic Analysis & Policy"
harvard_pallais_amanda,Review of Economics and Statistics,https://pallais.scholars.harvard.edu/sites/g/files/omnuum5926/files/pallais/files/pallais_cv_2021.pdf,"American Economic Journal: Applied Economics, American Economic Journal: Economic Policy, American Economic Review, American Economic Review: Insights, B.E. Journal of Economic Analysis & Policy"
harvard_pallais_amanda,Russell Sage Foundation,https://pallais.scholars.harvard.edu/sites/g/files/omnuum5926/files/pallais/files/pallais_cv_2021.pdf,"American Economic Journal: Applied Economics, American Economic Journal: Economic Policy, American Economic Review, American Economic Review: Insights, B.E. Journal of Economic Analysis & Policy"
harvard_pallais_amanda,Sloan Foundation,https://pallais.scholars.harvard.edu/sites/g/files/omnuum5926/files/pallais/files/pallais_cv_2021.pdf,"American Economic Journal: Applied Economics, American Economic Journal: Economic Policy, American Economic Review, American Economic Review: Insights, B.E. Journal of Economic Analysis & Policy"
harvard_pallais_amanda,Southern Economic Journal,https://pallais.scholars.harvard.edu/sites/g/files/omnuum5926/files/pallais/files/pallais_cv_2021.pdf,"American Economic Journal: Applied Economics, American Economic Journal: Economic Policy, American Economic Review, American Economic Review: Insights, B.E. Journal of Economic Analysis & Policy"
harvard_pallais_amanda,Washington Center for Equitable Growth,https://pallais.scholars.harvard.edu/sites/g/files/omnuum5926/files/pallais/files/pallais_cv_2021.pdf,"American Economic Journal: Applied Economics, American Economic Journal: Economic Policy, American Economic Review, American Economic Review: Insights, B.E. Journal of Economic Analysis & Policy"
harvard_diamond_rebecca,American Economic Journal: Applied Economics,https://hu-my.sharepoint.com/:b:/g/personal/rdiamond_fas_harvard_edu/EU0uqNh7COpOoBG4C2INDOIBR9kkqS0TDDcPgKGviH6gdw?e=MGqDyo,"Referee: American Economic Journal: Applied Economics, American Economic Journal: Marco, American Economic Journal: Policy, American Economic Review, American Economics Review Insights"
harvard_diamond_rebecca,American Economic Journal: Macro,https://hu-my.sharepoint.com/:b:/g/personal/rdiamond_fas_harvard_edu/EU0uqNh7COpOoBG4C2INDOIBR9kkqS0TDDcPgKGviH6gdw?e=MGqDyo,"Referee: American Economic Journal: Applied Economics, American Economic Journal: Marco, American Economic Journal: Policy, American Economic Review, American Economics Review Insights"
harvard_diamond_rebecca,American Economic Journal: Policy,https://hu-my.sharepoint.com/:b:/g/personal/rdiamond_fas_harvard_edu/EU0uqNh7COpOoBG4C2INDOIBR9kkqS0TDDcPgKGviH6gdw?e=MGqDyo,"Referee: American Economic Journal: Applied Economics, American Economic Journal: Marco, American Economic Journal: Policy, American Economic Review, American Economics Review Insights"
harvard_diamond_rebecca,American Economic Review,https://hu-my.sharepoint.com/:b:/g/personal/rdiamond_fas_harvard_edu/EU0uqNh7COpOoBG4C2INDOIBR9kkqS0TDDcPgKGviH6gdw?e=MGqDyo,"Referee: American Economic Journal: Applied Economics, American Economic Journal: Marco, American Economic Journal: Policy, American Economic Review, American Economics Review Insights"
harvard_diamond_rebecca,American Economic Review: Insights,https://hu-my.sharepoint.com/:b:/g/personal/rdiamond_fas_harvard_edu/EU0uqNh7COpOoBG4C2INDOIBR9kkqS0TDDcPgKGviH6gdw?e=MGqDyo,"Referee: American Economic Journal: Applied Economics, American Economic Journal: Marco, American Economic Journal: Policy, American Economic Review, American Economics Review Insights"
harvard_diamond_rebecca,American Journal of Agricultural Economics,https://hu-my.sharepoint.com/:b:/g/personal/rdiamond_fas_harvard_edu/EU0uqNh7COpOoBG4C2INDOIBR9kkqS0TDDcPgKGviH6gdw?e=MGqDyo,"Referee: American Economic Journal: Applied Economics, American Economic Journal: Marco, American Economic Journal: Policy, American Economic Review, American Economics Review Insights"
harvard_diamond_rebecca,Econometrica,https://hu-my.sharepoint.com/:b:/g/personal/rdiamond_fas_harvard_edu/EU0uqNh7COpOoBG4C2INDOIBR9kkqS0TDDcPgKGviH6gdw?e=MGqDyo,"Referee: American Economic Journal: Applied Economics, American Economic Journal: Marco, American Economic Journal: Policy, American Economic Review, American Economics Review Insights"
harvard_diamond_rebecca,Economic Inquiry,https://hu-my.sharepoint.com/:b:/g/personal/rdiamond_fas_harvard_edu/EU0uqNh7COpOoBG4C2INDOIBR9kkqS0TDDcPgKGviH6gdw?e=MGqDyo,"Referee: American Economic Journal: Applied Economics, American Economic Journal: Marco, American Economic Journal: Policy, American Economic Review, American Economics Review Insights"
harvard_diamond_rebecca,The Economic Journal,https://hu-my.sharepoint.com/:b:/g/personal/rdiamond_fas_harvard_edu/EU0uqNh7COpOoBG4C2INDOIBR9kkqS0TDDcPgKGviH6gdw?e=MGqDyo,"Referee: American Economic Journal: Applied Economics, American Economic Journal: Marco, American Economic Journal: Policy, American Economic Review, American Economics Review Insights"
harvard_diamond_rebecca,Economic Letters,https://hu-my.sharepoint.com/:b:/g/personal/rdiamond_fas_harvard_edu/EU0uqNh7COpOoBG4C2INDOIBR9kkqS0TDDcPgKGviH6gdw?e=MGqDyo,"Referee: American Economic Journal: Applied Economics, American Economic Journal: Marco, American Economic Journal: Policy, American Economic Review, American Economics Review Insights"
harvard_diamond_rebecca,International Economic Review,https://hu-my.sharepoint.com/:b:/g/personal/rdiamond_fas_harvard_edu/EU0uqNh7COpOoBG4C2INDOIBR9kkqS0TDDcPgKGviH6gdw?e=MGqDyo,"Referee: American Economic Journal: Applied Economics, American Economic Journal: Marco, American Economic Journal: Policy, American Economic Review, American Economics Review Insights"
harvard_diamond_rebecca,Journal of the European Economic Association,https://hu-my.sharepoint.com/:b:/g/personal/rdiamond_fas_harvard_edu/EU0uqNh7COpOoBG4C2INDOIBR9kkqS0TDDcPgKGviH6gdw?e=MGqDyo,"Referee: American Economic Journal: Applied Economics, American Economic Journal: Marco, American Economic Journal: Policy, American Economic Review, American Economics Review Insights"
harvard_diamond_rebecca,Journal of Labor Economics,https://hu-my.sharepoint.com/:b:/g/personal/rdiamond_fas_harvard_edu/EU0uqNh7COpOoBG4C2INDOIBR9kkqS0TDDcPgKGviH6gdw?e=MGqDyo,"Referee: American Economic Journal: Applied Economics, American Economic Journal: Marco, American Economic Journal: Policy, American Economic Review, American Economics Review Insights"
harvard_diamond_rebecca,Journal of Policy Analysis and Management,https://hu-my.sharepoint.com/:b:/g/personal/rdiamond_fas_harvard_edu/EU0uqNh7COpOoBG4C2INDOIBR9kkqS0TDDcPgKGviH6gdw?e=MGqDyo,"Referee: American Economic Journal: Applied Economics, American Economic Journal: Marco, American Economic Journal: Policy, American Economic Review, American Economics Review Insights"
harvard_diamond_rebecca,Journal of Political Economy,https://hu-my.sharepoint.com/:b:/g/personal/rdiamond_fas_harvard_edu/EU0uqNh7COpOoBG4C2INDOIBR9kkqS0TDDcPgKGviH6gdw?e=MGqDyo,"Referee: American Economic Journal: Applied Economics, American Economic Journal: Marco, American Economic Journal: Policy, American Economic Review, American Economics Review Insights"
harvard_diamond_rebecca,Journal of Public Economics,https://hu-my.sharepoint.com/:b:/g/personal/rdiamond_fas_harvard_edu/EU0uqNh7COpOoBG4C2INDOIBR9kkqS0TDDcPgKGviH6gdw?e=MGqDyo,"Referee: American Economic Journal: Applied Economics, American Economic Journal: Marco, American Economic Journal: Policy, American Economic Review, American Economics Review Insights"
harvard_diamond_rebecca,Journal of Urban Economics,https://hu-my.sharepoint.com/:b:/g/personal/rdiamond_fas_harvard_edu/EU0uqNh7COpOoBG4C2INDOIBR9kkqS0TDDcPgKGviH6gdw?e=MGqDyo,"Referee: American Economic Journal: Applied Economics, American Economic Journal: Marco, American Economic Journal: Policy, American Economic Review, American Economics Review Insights"
harvard_diamond_rebecca,Review of Economics & Statistics,https://hu-my.sharepoint.com/:b:/g/personal/rdiamond_fas_harvard_edu/EU0uqNh7COpOoBG4C2INDOIBR9kkqS0TDDcPgKGviH6gdw?e=MGqDyo,"Referee: American Economic Journal: Applied Economics, American Economic Journal: Marco, American Economic Journal: Policy, American Economic Review, American Economics Review Insights"
harvard_diamond_rebecca,Review of Economic Studies,https://hu-my.sharepoint.com/:b:/g/personal/rdiamond_fas_harvard_edu/EU0uqNh7COpOoBG4C2INDOIBR9kkqS0TDDcPgKGviH6gdw?e=MGqDyo,"Referee: American Economic Journal: Applied Economics, American Economic Journal: Marco, American Economic Journal: Policy, American Economic Review, American Economics Review Insights"
harvard_diamond_rebecca,Quantitative Economics,https://hu-my.sharepoint.com/:b:/g/personal/rdiamond_fas_harvard_edu/EU0uqNh7COpOoBG4C2INDOIBR9kkqS0TDDcPgKGviH6gdw?e=MGqDyo,"Referee: American Economic Journal: Applied Economics, American Economic Journal: Marco, American Economic Journal: Policy, American Economic Review, American Economics Review Insights"
harvard_diamond_rebecca,Quarterly Journal of Economics,https://hu-my.sharepoint.com/:b:/g/personal/rdiamond_fas_harvard_edu/EU0uqNh7COpOoBG4C2INDOIBR9kkqS0TDDcPgKGviH6gdw?e=MGqDyo,"Referee: American Economic Journal: Applied Economics, American Economic Journal: Marco, American Economic Journal: Policy, American Economic Review, American Economics Review Insights"
harvard_gonczarowski_yannai_a,Econometrica,http://yannai.gonch.name/scientific/yannai-gonczarowski-cv.pdf,"Journal reviewer: Econometrica, JACM, AMM, GEB, TALG, JAIR, Algorithmica, IJGT, MSS, JAAMAS."
harvard_gonczarowski_yannai_a,JACM,http://yannai.gonch.name/scientific/yannai-gonczarowski-cv.pdf,"Journal reviewer: Econometrica, JACM, AMM, GEB, TALG, JAIR, Algorithmica, IJGT, MSS, JAAMAS."
harvard_gonczarowski_yannai_a,AMM,http://yannai.gonch.name/scientific/yannai-gonczarowski-cv.pdf,"Journal reviewer: Econometrica, JACM, AMM, GEB, TALG, JAIR, Algorithmica, IJGT, MSS, JAAMAS."
harvard_gonczarowski_yannai_a,GEB,http://yannai.gonch.name/scientific/yannai-gonczarowski-cv.pdf,"Journal reviewer: Econometrica, JACM, AMM, GEB, TALG, JAIR, Algorithmica, IJGT, MSS, JAAMAS."
harvard_gonczarowski_yannai_a,TALG,http://yannai.gonch.name/scientific/yannai-gonczarowski-cv.pdf,"Journal reviewer: Econometrica, JACM, AMM, GEB, TALG, JAIR, Algorithmica, IJGT, MSS, JAAMAS."
harvard_gonczarowski_yannai_a,JAIR,http://yannai.gonch.name/scientific/yannai-gonczarowski-cv.pdf,"Journal reviewer: Econometrica, JACM, AMM, GEB, TALG, JAIR, Algorithmica, IJGT, MSS, JAAMAS."
harvard_gonczarowski_yannai_a,Algorithmica,http://yannai.gonch.name/scientific/yannai-gonczarowski-cv.pdf,"Journal reviewer: Econometrica, JACM, AMM, GEB, TALG, JAIR, Algorithmica, IJGT, MSS, JAAMAS."
harvard_gonczarowski_yannai_a,IJGT,http://yannai.gonch.name/scientific/yannai-gonczarowski-cv.pdf,"Journal reviewer: Econometrica, JACM, AMM, GEB, TALG, JAIR, Algorithmica, IJGT, MSS, JAAMAS."
harvard_gonczarowski_yannai_a,MSS,http://yannai.gonch.name/scientific/yannai-gonczarowski-cv.pdf,"Journal reviewer: Econometrica, JACM, AMM, GEB, TALG, JAIR, Algorithmica, IJGT, MSS, JAAMAS."
harvard_gonczarowski_yannai_a,JAAMAS,http://yannai.gonch.name/scientific/yannai-gonczarowski-cv.pdf,"Journal reviewer: Econometrica, JACM, AMM, GEB, TALG, JAIR, Algorithmica, IJGT, MSS, JAAMAS."
harvard_gonczarowski_yannai_a,Mathematics of Operations Research,http://yannai.gonch.name/scientific/yannai-gonczarowski-cv.pdf,"Associate Editor, Mathematics of Operations Research (MOR), Game Theory Area."
harvard_gonczarowski_yannai_a,International Journal of Game Theory,http://yannai.gonch.name/scientific/yannai-gonczarowski-cv.pdf,"Associate Editor, The International Journal of Game Theory (IJGT)."
mit_prelec_drazen,Management Science,https://economics.mit.edu/sites/default/files/2022-09/PrelecCVMarch2022.pdf,"Professional service ... Associate Editor, Management Science"
